,sequence,label
3,oups tel,negative
6,Â  coucher brutus,negative
12,elle va jamais y arriver,negative
20,HamsterJovial >> c et un coup de batte que Kipsi aime lol,negative
23,Â  quelqu'un a une musoliÃ¨re pour Nanie|sendort svp ?,negative
31,Pour toi Kipsi la museliere oui mdrrrrrrrrrrr,negative
39,Desesperance Un tit cancer dans la rÃ©el life plutÃ´t :),negative
45,pas sur que ca face le meme effet un curly Desesperance,negative
46,Il va fondre,negative
47,killbill:  Ã§a sent le gage,negative
71,on n'a pas parlÃ© de gage pour moi,negative
73,l'italie souffre,negative
75,Quels comediens ces italochs,negative
82,GCDS Trop mure sÃ»rement...,negative
84,Trop dur .. titeseve,negative
87,Une grosse banane trop dure.. titeseve,negative
102,Non pipoune !,negative
106,Pipoune tu va dodo,negative
108,Personne ta sonnÃ© desesperence,negative
109,tu peux faire tous les legumes c'est pas le tien qu'elle veut,negative
112,non quoi Desesperance ?,negative
113,"GCDS Oublie-moi, j'ai les yeux qui saignent!",negative
114,Ennour:  ca ne va pas aujourd'hui dÃ©solÃ©e,negative
126,Personne,negative
132,bon Ã§a va aller Ã  la prolongation Ã§a hannibal-smith76|venere,negative
139,TiteSeve >> encore ???,negative
145,Sex tel ?,negative
146,non plus,negative
147,c pas ta faute mais on s'en blk le s,negative
151,ðŸ¥µðŸ¥µðŸ¥µðŸ¥µ,negative
153,Tsss.,negative
159,TiteSeve >> n'est plus Ã©tanche...,negative
166,TiteSeve >> est alÃ¨ze...,negative
177,TiteSeve >> ton canapÃ© n'est pas d'accord,negative
178,certainement pas,negative
188,t naze,negative
189,lourd,negative
193,cherche un sexe afro humain pour me deboiter les cotelettes,negative
196,prolongation,negative
198,nazou Mars07 allez en pv et laissez ns tranquil,negative
199,non ! Babycrew il ne faut pas mdrr,negative
206,en fait moi je m en fiche qui gagne c est juste pour gagner mon pari mdrr,negative
208,Les italiens vont perdre hihihi....bzzz killbill,negative
213,vu les dissonances nominatifs,negative
214, Bisoussss  stage mais non !,negative
218,mais non,negative
220,Ã§a c'est pas fait killbill,negative
224,Ils ont mal dÃ©fendu....leur spÃ©cialitÃ©,negative
225,"la final c est pour le Danemark, ca sert a rien de regarder ce match lol",negative
228,Killbill mais en vrai je me suis tromper j ai confondu avec le Portugal vu que je supporte Christian Ronaldo autant pour moi,negative
229,ne cherchez pas mdrrr,negative
234,killbill: nn deja ce soir c est pas sur,negative
237,tss tsss stage,negative
240,"chut, revoilÃ  bidou",negative
242,aller pleurer,negative
259,ma chere killbill vous revez,negative
260,pourquoi personne ne veut me parler ?,negative
263,jamais Ã©veillÃ©e hannibal-smith76|venere mdrrr,negative
281,Moi j attend les pleurs des italiens avant d aller me coucher,negative
283,LoL stage tu vas attendre longtemps,negative
287,il faudra que ce soit toi qui pleures mdrrr,negative
297,Moi je ne pleure que si une fille me brise le cÅ“ur,negative
303,C est pas le foot qui va me faire pleurer lol,negative
308,killbill:  non rien,negative
309,Toi killbill tu me fais pleurer quand tu me fouettes,negative
310,tss tsss,negative
315,encore ?,negative
321,Au pire des cas les italiens perdront contre les anglais,negative
324,bah oui Massss c est trop !,negative
330,"il voulait me voir, je lui ai dit non",negative
336,mdrr TiteSeve j allais dire merci de quoi,negative
340,J aime pas trop Romantiqua hÃ©las ...,negative
343,Grrrrr PetitPierre|Happy-Days|On-AiR,negative
355,Ben nan,negative
356,Tu me fais pleurer  PetitPierre|Happy-Days|On-AiR :(,negative
364,"Non, futon",negative
365,les italiens souffrent lol,negative
366,!fouet Terre-Hermes,negative
367,TiteSeve fouette vigoureusement Terre-Hermes. T'aime Ã§a coquin(e) hein ===~~~~~~,negative
368,Ã§a chauffe hannibal-smith76|venere mdrrr,negative
369,y a pas de panneau,negative
370,Ã§a chauffe Ã§a chauffe,negative
371,Little_Ch33ky tu me tue,negative
375,Comment te dire adieu,negative
377,oulalala c'est la dÃ©cadanceuuuh,negative
378,Ailleuuu mes mollets !,negative
382,se sont entretuÃ©s ou je reve,negative
387,mlleflerina t'es une chaudasse,negative
388,DerriÃ¨re un client je saurais mieux comment te dire adieu,negative
391,looping|222 T'es rÃ©ducteur!,negative
392,pr une fois j entendrais pas les klaxons vu la france eliminee lol,negative
401,Ã§a chauffe,negative
404,grenade grenade,negative
406,vs etes Ã©normes ici sur les fautes,negative
407,Satanas lol PetitPierre|Happy-Days|On-AiR Ã§a ma manquÃ© lol,negative
408,mais t'es pas net baptiste,negative
409,il se trouve que le seigneur m'a Ã©levÃ© Ã  un haut rang pour me donner un point de vue supÃ©rieure sur son royaume,negative
415,CondolÃ©ance looping|22,negative
421,lol Elolo bah voyons,negative
422,Trouble,negative
423,car la religion est le premier pas sur la voie de la raison,negative
425,des becquilles quoi,negative
426,tssssssss looping n importe quoi,negative
433,je ne suis pas raciste je mange du couscous,negative
439,t'ad fait le mort hier soir?,negative
442,Trouble baby,negative
444,Romantiqua:   eleonore  est morte ?,negative
446,qui ca qu a fait le mort hier?,negative
451,Redol bsr arrÃªtes de dire des bÃªtises,negative
454,elles ont l'instinct plus aiguisÃ© que les hommes pour comprendre l'arnaque de la religion,negative
460,jusque la je t ai pas vu en faire c un fait,negative
462,Romantiqua:   Salut loll    pkoi    des betises  on  sest sensÃ©  de  mourir   tous unjour,negative
463,Elolo: pq le mort?,negative
464,Doux dodo hannibal-smith76|venere,negative
469,J'y comprends rien lol,negative
476,La pauvre :(,negative
477,crÃ©puscule oui tu as fait le mott,negative
478,"Comme on dit, l'hÃ´pital qui se fout de la charitÃ©",negative
479,mort,negative
481,Elolo: je comprends pas mais tu as raison lol,negative
482,ðŸ¥µðŸ¥µðŸ¥µðŸ¥µ,negative
483,Tu rÃ©pondais plus,negative
484,fais chier,negative
485,Oups,negative
487,du coup je suis parti dodo,negative
501,Oui Johnny lol PetitPierre|Happy-Days|On-AiR les han han mdrr,negative
503,les larbins,negative
504,bonsoir Insomnie,negative
509,Insomnie bonsoir,negative
512,"Chaat.fr - nÂ°32174  Aujourd'hui, comme chaque matin, le rÃ©veil est assez difficile et je suis encore Ã  moitiÃ© endormi. Je prends mon caleÃ§on pour le mettre au panier Ã  linge. Au lieu de Ã§a, j'ai ouvert mes volets et l'ai lancÃ© par la fenÃªtre. Il a atterri dans le jardin de ma voisine. VDM ",negative
513,Insomnie bsrrrr,negative
514,les larbins,negative
517,tu es  bien fÃªlÃ© toi aussi Insomnie,negative
518,insomnie dans tes reves,negative
521,Oui trÃ¨s cher PetitPierre|Happy-Days|On-AiR ils avaient tuer beaucoup de touristes,negative
529,Non fais mÃªme froid ici,negative
532,Loana il fait Ã©trangement frais,negative
541,ou pas,negative
548,Enissay:    Si seulement Ã§a pouvait Ãªtre vrai,negative
549,Owi *-* mais j'en ai plus chez moi :(,negative
550,donc pas de lait pour bibi :/ Homelander,negative
561,On a tous un grain en faitâ€¦,negative
562,non je ne crois pas,negative
588,BlackPuiiiissant > je ne me souviens pas avoir vu imaane.,negative
596,bonsoir Desesperance,negative
601,Maude2b|US-Route-66|OnAir:  merci      a  toi    on jamais Ã©coutÃ©,negative
606,j'ai craquÃ© pour des petits biscuits au citron genre cookies,negative
613,Insignifiante dÃ©sespÃ©rance,negative
622,bon bah tir au but hannibal-smith76|venere,negative
624,"Mince, c'est la fin de l'animation Radio de Zeux, merci Ã  toi ! â™«â™ªâ™©",negative
632,Killbill elle lache pas l affaire mdr,negative
637,jamais Babycrew,negative
640,dur de resiter Desesperance,negative
641,je suis tenace mdrr,negative
642,j'vais me tabasser la viande en pensant Ã  toi,negative
644,Ã‡a compte pas !!!!,negative
645,T'es grillÃ©e apparemment Elolo,negative
646,Merde lol,negative
647,lol non Elolo ;),negative
651,Candice pousse enissay dans la piscine pour s'en dÃ©barasser! PLOUF !!!  ._.Â·Â´Â¯(_..Â·Â´Â¯(_ t(>.<t)..Â·Â´Â¯(_..Â·Â´Â¯(.,negative
653,!cookie Desesperance,negative
656,"Mince, c'est la fin de l'animation Radio de Maude2b, merci Ã  toi ! â™«â™ªâ™©",negative
658,j'ai pas compris la,negative
659,!cookies Desesperance,negative
660,C'est mort..,negative
663,a zut!,negative
666,Zzzzz,negative
667,!gateau Desesperance,negative
669,Zzzz,negative
674,"Chaat.fr - nÂ°259590  Aujourd'hui, mon mari, aux toilettes pour la grosse commission, n'a plus de papier. Il me demande de lui ramener des mouchoirs en papier, ce que je fais. Quelques secondes aprÃ¨s, je l'entends crier. C'Ã©tait des mouchoirs Ã  l'eucalyptus. VDM ",negative
683,et non Christian n est plus la,negative
685,dommage il Ã©tait super fort,negative
696,Merci hannibal-smith76|venere,negative
697,quant Ã  l actu je la zappe,negative
701,oui hannibal-smith76|venere,negative
702,"LeRebelle: Pas moi ,et certainement pas ce pÃ©dophile",negative
703,"casse moi tout la-dedans, je veux plus rien reconnaÃ®tre",negative
704,ah ah hannibal-smith76|venere,negative
705,je ne crois pas en la presse Desesperance,negative
707,mince,negative
708,cela dit oui il me plaisait pas plus que Ã§a,negative
717,la presse ment Ã  tour de bras,negative
718,ah je conais pas,negative
721,Ca veut rien dire pleins de choses LeRebelle,negative
728,C'est un pÃ©dophile narcissique LeRebelle,negative
730,tres dur,negative
734,le reste je sais pas,negative
742,babycrew comme il est laid ton pseudo,negative
743,eurasienne|vivaitalia:  non serieux    tu ne dis rien   aux  deux  petsses  AbMo et  MacDeluxe  ?  t'as bien vu qu ils m ont provoquer  lol,negative
746,je m'y suis pas nteressee car je regarde pas les eimissions avec lui,negative
747,eurasienne|vivaitalia:   je prends  Ã§a tres mal,negative
748,bah je suis passÃ© pr un trafiquant d armes Ã  une Ã©poque mdr,negative
749,babycrew tu devrais changer ton pseudo,negative
750,et de drogue,negative
756,_Malakloranaise:  parce que les journalistes subissent d'enormes pressions,negative
759,babycrew tu es la preuve Ã©vidente d'un manque de gout esthÃ©tique,negative
763,killbill non je crois pas,negative
764,XENOPHANE laisse le tranquille stp,negative
766,ils ne sont pas libres,negative
776,"Tess_: Ouai ,c'est aussi parce j'aime beaucoup toute les histoires de meurtre ,pÃ©dophile etc...",negative
777,Forza italia oupssss....je craque,negative
778,n empeche que Desesperance,negative
789,merde,negative
790,au bout d'un moment ca te met le moral a plat Desesperance,negative
791,Il devrait en faire une vidÃ©o pour les plus fÃ©nÃ©ant.,negative
793,Elolo ca FAI un temps pas vue,negative
794,je parle pas de Ã§a,negative
795,Non sur la pÃ©dophilie et le viol en gÃ©nÃ©ral en france qui est un des sujets les plus tabous.,negative
796,hannibal-smith76|venere !!!!!!,negative
803,j ai jamais dit que je l aimais bien Desesperance,negative
808,"Nan nan bien sur LeRebelle mais bon ,faire des comparaison",negative
816,debbouze un assasin,negative
819,dieudonnÃ©,negative
829,o nen fini pas Desesperance,negative
832,"""j'attends les pleurs des italiens"" :3",negative
839,je crains le pire,negative
841,mdrr hannibal-smith76|venere,negative
844,ca doit etre terrible de perdre le gout,negative
848,pas encore Babycrew,negative
849,Tess_: Je peux en avoir aussi au passage ? j'gratte a tout les rateliers comme tu peux le voir...,negative
850,je parle meme pas de l'odorat,negative
851,Ã§a sent pas bon pour moi mdr,negative
853,ce n est pas encore fait,negative
858,Tess_: Non !!!!!!!,negative
861,deux heures pour mettre un but mdr,negative
865,Tess_: Va te faire vomir je fini le reste....,negative
868,arrghhhh,negative
875,me suis jamais fait vomir,negative
876,les gens atteint du covid perdaient l'odorat,negative
885,que la france soit Ã©liminÃ©e mdr,negative
886,on les entends plus la mdr,negative
888,plsu de klaxon rien mdr,negative
891,Adios paella,negative
902,"ya que quand on est malade comme un chien desesperance, que l'on vomit , en fait ca soulage",negative
903,hannibal-smith76|venere si la finale c est italie angleterre Ã§a va Ãªtre chaud mdrr,negative
904,Tess_: Pas forcÃ©ment,negative
908,jsui tro vener italie ces gros pocs ont jouÃ© kom des bites et ils gagnent aux tirs au but : aucune justice,negative
911,Personne ne fera comme aimÃ© Jacquet gagnÃ© une coupe du monde et l'euro d affiler chapeau  aimÃ© Jacquet,negative
918,le foot c pr le peuple qui s ennuie c tout,negative
919,non Desesperance,negative
923,c pas du sport c un business,negative
925,Babycrew en 98 match truquÃ©,negative
931,_Medecin_Ritale non du tout,negative
932,pas tous killbill,negative
933,mais osef ce n est pas pour Ã§a que je regardais,negative
934,Triste ce genre de rÃ©action...,negative
940,"un truc Ã©trange, je suis allergique au foot",negative
947,L entraineur qui ma fait le plus rire c'est Domenech,negative
951,il n entraine plus rien Babycrew,negative
954,moyen illbill,negative
957,"Desesperance : elle est dÃ©Ã§ue, mais elle va quand mÃªme ! Et le Desesperance va aussi ?",negative
972,"Mince, c'est la fin de l'animation Radio de KarantezTener, merci Ã  toi ! â™«â™ªâ™©",negative
974,Bonsoir ici Snif Espagne a perdu,negative
978,Bougieee: domage,negative
982,j ai une amie ici avec qui je me suis mal comportÃ© elle va etre contente elle est italienne lol,negative
983,"fauttch"" de couillons, Ã§a va finir mal",negative
985,"Forseti: Tu as bien du courage ,mais je prÃ©fÃ¨re que tu t'occupes de ce qu'il ne va pas",negative
990,je crains le pire  j'ai peur lol,negative
992,"Oui il fait assez frais en ce moment Mamy, y a du vent mais on va vite voir roussir les fueilles et profiter de la mÃ©lancholie et de la lumiÃ¨re de l'automne.",negative
995,Staktt > je ne me souviens pas avoir vu c4mille.,negative
1000,on verra hannibal-smith76|venere,negative
1001,Je vous laisse ici trop de Pv cela me perturbe  mdrr,negative
1006,ne mettons pas la charrue avant les boeufs,negative
1011,c'est comme les courses de velo c tres tres dur,negative
1013,Ã‡a falloir aller se coucher,negative
1015,au fait pour la merguez si tu savais la fabrication killbill tu en mangerais pas,negative
1016,Mon pv me a lÃ¢chÃ©,negative
1017,LeRebelle si on savait tout sur tout on ne mangerait plus rien,negative
1022,pour ca que j'en mange pas LeRebelle,negative
1026,"italiens ces gros porcs ont kasi rien foutu pendant 120mn et gagnent aux tirs aux but ,quelle injustice jsui ecoeurÃ© dÃ©goutÃ© .Pauvres espagnols qui meritaient a 90% de gagner",negative
1029,C'est  vrai c'est super dur de taper dans une balle pendant qu'un mec qui construit un immeuble et se casse le dos en touchant 1200 euros pariera son argent sur ce mÃªme foot.,negative
1030,Desesperance : Ã§a ira mieux quand on m'aura filÃ© mon emploi du temps :( J'en ai besoin pour connaÃ®tre mon temps libre et chercher un taff Ã  cÃ´tÃ© des Ã©tudes :c,negative
1034,Coconut a du nous faire un avc,negative
1041,Fo pas trop rÃªver killbill lol,negative
1043,des pvs comme une attaque de moustiques la pauvre lol,negative
1044,bojik tu peux nÃ©anmoins garder un langage correct stp,negative
1045,Il reste une marche...la plus haute,negative
1052,Il fait frisquet mais je met le ventilateur pour avoir davantage froid...,negative
1056,Non une fatalitÃ© sniffff,negative
1057,bonne nuit hannibal-smith76|venere tu as pas l'air content ce soir,negative
1058,Brrr brrr,negative
1064,impossible que l'italie gagne l'euro,negative
1067,Oliv (Chaat@7B2FAD6B.175FAF25.DC75B415.IP) a Ã©tÃ© vu pour la derniÃ¨re fois quitter #Accueil il y a 37 minutes (Bon retour sur www.chaat.fr).,negative
1068,deja la ils sont en galere,negative
1074,Des rajeux les gens grave pfffff,negative
1078,Un peu comme tes remarques _Medecin_Ritale.,negative
1083,"Je comprend pourquoi Ã§a ne parle pas de foot ici logiquement,c est ðŸ˜’ ðŸ˜‚",negative
1088,Seigneur chauve garde ta rage bac -2,negative
1091,le foot c'est vraiment trop nul,negative
1094,Mamy comme Ã§a je peux grignoter un paquet de chips avec moitiÃ© moins de culpabilitÃ©,negative
1109,diablotin: mais c'est nul quand meme,negative
1111,Midnight > je ne me souviens pas avoir vu soumhard.,negative
1113,je ne dis pas le contraire Malicia_,negative
1116,Midnight > je ne me souviens pas avoir vu batatadz.,negative
1121,ce n est pas le sport en lui mÃªme qui est nul,negative
1122,"Marocaine (Chaat@F3BD8EA4.D208833B.FB9F4357.IP) a Ã©tÃ© vu pour la derniÃ¨re fois quitter #Accueil il y a 20 heures, 52 minutes (Bon retour sur www.chaat.fr).",negative
1123,"C'est ca ton argument ? ""C'est nul"" Malicia_",negative
1126,c est tout ce qu il y a autour maintenant,negative
1129,Ce qui est bÃªte par contre c'est l'argent que Ã§a gÃ©nÃ¨re.,negative
1130,C'est quand mÃªme nul,negative
1133,mdrr LeRebelle oui c est fatigant,negative
1134,Candice attention je scintille ce soir Ã§a va Ãªtre difficile !,negative
1137,Seigneur chauve reste avec tes 1200/mois et passe ton chemin ..,negative
1139,en quoi le foot c'est nul,negative
1143,"va tenir 2 a courrir sur un stade, deja tient 10 min et on verra",negative
1144,"Candice plus sÃ©rieusement, quelle sÃ©ductrice ? Haha :p",negative
1150,Crepuscule c'est vrai que mon pseudo est l'objet de beaucoup de fantasmes,negative
1158,"N'essaye pas d'Ãªtre blessant _Medecin_Ritale, t'es pas dans un dinÃ© de famille avec papa maman.",negative
1162,Tain je m'endors dÃ©jÃ  :(,negative
1165,Mais je sais pas oÃ¹ aller,negative
1170,Nikki32 >> tu le coupes et tu l'envoies,negative
1173,avec un joint,negative
1175,"Crepuscule Ã§a fait un relou en moins, t'inquiÃ¨te pas pour la chance",negative
1188,n empeche que j ai cramÃ© mon pc grrrr,negative
1191,tu dors trop Gwilhom,negative
1198,Ã§a fait bizarre les gens vont se coucher et moi je me suis rÃ©veiller il y a pas longtemps...,negative
1200,Tu es juste un peu dÃ©calÃ©e mamy lol,negative
1201,Ca fait un peu long la sieste.,negative
1208,LeRebelle pas vraiment je me suis assoupie accidentellement... Je lisais puis...,negative
1209,les medocs trop fprts ^pssobme mpm,negative
1212,ludivine poiron de agen et une michto,negative
1213,Mamy:  courage pour retrouver le sommeil car lÃ  tu vas etre fouttue un moment lol,negative
1214,Mamy:  sort un peu de chez toi se lever Ã  cette heure ci c'est pas normal,negative
1215,Moi qui pensais innocemment que les gens Ã¢gÃ©s Ã©taient rÃ©glÃ©s comme des horloges,negative
1221,diablotin ben oui... Et je supporte pas de rester Ã©veillÃ© la nuit en plus,negative
1227,ya trop de femmes qui parlent .,negative
1229,peut on amener quelques hommes pour Ã©quilibrer svp.,negative
1238,Moi aussi Koharu envoie moi en pv je te dirais si c'est Ã  gerber.,negative
1239," â„¹ï¸ [ INFO Chaat.fr ] â„¹ï¸ : â›” STOP aux bagarres â— â›” Tout comportement nÃ©gatif ou violent pourra Ãªtre sanctionnÃ© par un Kick voir un Ban. Pour chaque minute oÃ¹ vous Ãªtes en colÃ¨re, vous perdez 60 secondes de bonheur. Ce TChat n'est pas un dÃ©fouloir. Merci :)",negative
1245,Si mon tactile est en crise diablotin,negative
1247,"je demandais Candice, car je ne comprenais pas lol",negative
1256,"Candice : oui, mais le franÃ§ais me fait rager, c'Ã©tait indÃ©pendant de ma volontÃ© :(",negative
1259,on refera jamais pareil,negative
1276,Ã§a s achÃ©te mais ca doit pas etre facile lol,negative
1281,"LeRebelle le nÃ©ant, j'existais pas...",negative
1290,"Candice : bah dÃ©jÃ  la covid, normalement on aurait du passer des Ã©preuves qui auraient Ã©tÃ© harmonisÃ©es au niveau des notes et notÃ©es par d'autres profs que notre actuelle (qui Ã©tait, pardon de le dire, lamentable...). C'Ã©tait pas prÃ©vu qu'on se prenne juste le contrÃ´le continu. Puis soucis de santÃ© pas dÃ©tectÃ©s Ã  l'Ã©poque donc pas soignÃ©s qui m'ont perturbÃ©e. RÃ©sultat, cette tache sur mon relevÃ©.",negative
1294,"Forseti: Ecoute, si tu rages, j'ai le numÃ©ro du petit pÃ¨re-NoÃ«l Africain, le seul pÃ¨re-NoÃ«l des Africains, tu peux lui commander un cahier de coloriage, c'est une activitÃ© apaisante !",negative
1298,pas une vraie Mamy du coup,negative
1300,"Laissez-moi rager en paix, monsieur :(",negative
1305,ou alors congolaise mdr,negative
1306,moi je ne le savais pas lol,negative
1308,On joue pas dans la mÃªme catÃ©gorie je crois Koharu.,negative
1310,Bon niker vos mÃ¨res,negative
1316,Le_Seigneur_Des_Tomb c'est un truc troll au cas oÃ¹ t'as pas compris,negative
1318,diablotin sinon des fois on ne pense pas Ã  une personne Ã¢gÃ©e mais Ã  une maman...,negative
1325,Quel est l'intÃ©rÃªt Koharu?,negative
1328,l'intÃ©rÃªt de quoi,negative
1333,"oula pas d'anglais avec moi Mamy, sinon je vais etre perdu lol",negative
1335,De troller soundcloud.,negative
1341,jai commencÃ© a fumer a 14a,negative
1346,Non je fais de tout.,negative
1348,diablotin pour expliquer le pourquoi du comment... Mais au dÃ©but moi mÃªme je comprenais pas,negative
1353,hin quelle copine troll,negative
1354,"Forseti: Non moi j'aime troller, draguer des filles pour les jeter, ah et surtout les trains et les robots !",negative
1360,pupuce: pas bien mais je serais qui pour juger lol,negative
1365,C'est pas l'humour qui les faits trembler?,negative
1367,mais c'est chasse gardÃ©e,negative
1375,"Forseti: Ah et j'oubliais, la drogue, les reptiliens de Signus B, et le professeur Tsukalossssssss.",negative
1379,On m'imagine jamais comme Ã§a.,negative
1382,C'est plus facile de me voir en vieux dÃ©bris.,negative
1384,les larbins,negative
1387,Mamy tu veux me Ã©pcho ?,negative
1391,Jtimaginais plutÃ´t en brun tÃ©nÃ©breux,negative
1392,"Lia (Chaat@E457468D.8D024006.4C4C32AA.IP) a Ã©tÃ© vu pour la derniÃ¨re fois quitter #Accueil il y a 2 heures, 57 minutes (Bon retour sur www.chaat.fr).",negative
1402,"Koharu Je suis pas une sÃ©ductrice pour rien, c'est Candice qui l'a dit",negative
1405,nan Le Seigneur des Tombes 3mo b0y mood c'est une playlist avec des sons d'ici,negative
1406,c'est pas moi,negative
1412,c'est pas des sons de moi,negative
1415,jsp comment Ã§a s'affiche chez toi mais chez moi on comprend clairement que c'est pas de moi et que c'est une playlist avec les sons des autres que j'aime,negative
1417,"mais la seductrice, c est endormi comme une ptite vieille sur son fauteuil Mamy ll",negative
1418,"LeRebelle: Et moi je fantasmais sur ma prof d'anglais quand j'Ã©tais en Master, on a tout des trucs dans la vie...",negative
1422,Ce n est pas bien ces habitude,negative
1423,bonsoir les larbins,negative
1424,ouais mais c'est une playlist c'est pas mes sons,negative
1430,diablotin mÃªme les femmes comme moi ont des failles..,negative
1432,"mais chut Mamy, faut pas le dire, c est comme nous laisser croire que les femmes sont toutes des princesses mdrr",negative
1433,"LeRebelle: EssayÃ© de quoi, d'inviter ma prof d'anglais oui, bien Ã©videment, et j'ai pris un gros rÃ¢teau...",negative
1442,oups glissage,negative
1443,parce qu'en fait jsuis tellement Ã©clatÃ© sa mÃ¨re sur FL que jtrouve pas le bouton pour sÃ©parer les pistes ptdr,negative
1444,glissade,negative
1445,du coup Ã§a fait 7 secondes Ã§a me fulmine,negative
1452,diablotin:  les parois du salon sont glissantes,negative
1453,t uas du redouble du coup mdr Davros mdr,negative
1457,fallait pas jouer avec le liquide vaissele pour faire de la mousse P0ussiere2lune,negative
1459,"maintenant ca va etre de ma faute, pfff Mamy lol",negative
1464,je te laisserai tout nettoyer P0ussiere2lune,negative
1468,LeRebelle: T'as dÃ©jÃ  mis les pieds dans une fac ?,negative
1475,Le_Seigneur_Des_Tomb j'ai postulÃ© pour un truc de disquaire et j'savais pas quoi mettre dans la lettre de motiv du coup j'ai dit jsuis musicien jfais de la musique et tout j'ai peur qu'on me demande awÃ© montre et jmontre Ã§a,negative
1482,"Et bÃ©, Mamya vachement redoublÃ©",negative
1491,attend y'a un clip jvai die,negative
1492,diablotin:  je suis au boulot aussi non mais,negative
1497,"diablotin je sais pas si j'aurai dÃ» le dire du coup, je vais rameuter toute une meute...",negative
1501,"Non la meuf c'est jodie foster, elle a fait son temps.",negative
1510,Beurk,negative
1515,rÃ©pugnant leur ignominie,negative
1518,la nuit va etre longue jusqu'a demain matin,negative
1519,Candice pousse Candice dans la piscine pour s'en dÃ©barasser! PLOUF !!!  ._.Â·Â´Â¯(_..Â·Â´Â¯(_ t(>.<t)..Â·Â´Â¯(_..Â·Â´Â¯(.,negative
1522,"non,je dis bonne nuit a noun poussiere2plume",negative
1523,grrr je me fais harceler par un moustique,negative
1525,Bonsoiiiiiir,negative
1530,sueles les femelles piquent mdr,negative
1531,"diablotin: le seul animal envers qui j'ai une phobie,  je fais trÃ¨s attention chaque soir de bien fermÃ© le store avant d'allumer la lumiÃ¨re",negative
1532,C Ã©tait surtout une manÅ“uvre d'esquive enissay lol,negative
1533,"Mamy: Si Allah te voyais, je suis pas certain qu'il serait content. :D",negative
1538,"Chaat.fr - nÂ°33181  Aujourd'hui, j'emmÃ¨ne mon fils au bac Ã  sable et fais tomber mon alliance dedans. Un petit garÃ§on la ramasse, m'observe, murmure ""Mon prÃ©cieuuuuux !"" et se barre en courant. VDM ",negative
1541,"Davros Il y a certainement pleins de choses qui le rendrait mÃ©content, on dit qu'il est misÃ©ricordieux je me fais pas trop de soucis pour le jugement dernier...",negative
1546,mais aie P0ussiere2lune|TaFF  pourquoi une telle violence envers ma personne ?,negative
1547,C'est pas interdit de parler de religion ici?,negative
1548,"ArrÃªtez avec dieu, libÃ©rez vous de Ã§a.",negative
1559,diablotin:  mais parce que je suis diabolique,negative
1560,arrÃªtÃ© de parler comme Ã§a sur dieu libÃ©rer votre pensÃ©,negative
1563,je plains tes collegues P0ussiere2lune|TaFF,negative
1577,mansgplus: tu fais Ã§a aux novices pas aux vieilles du net stp  xD,negative
1581,"moi je vais limitÃ© le cafÃ© pour le resste e la nuit, ou je vais avoir mal Ã  l estomac",negative
1584,"Davros ah non Ã§a c'est pas de mon fait, c'est toi qui veut absolument me le refourguer",negative
1585,Ou le gros chÃ´meur desco en jupe?,negative
1588,Un mauvais destin,negative
1589,Davros sache que je ne partage pas tes fantasmes douteux au sujet de cet homme... Douteux,negative
1594,vraiment les pires,negative
1598,""" le gros chÃ´meur desco en jupe "" <- il est magnifique aussi hin tension",negative
1599,trop d'cafÃ© Ã§a peut faire mal au sternum,negative
1601,hakunamatata:  je crains le pire,negative
1612,"en forme je ne sais pas Mamy, mais toujours lÃ . Je peux juste dire que la nuit au boulot sera longue",negative
1620,Au secours ! C'est le mÃ©chant loup ! Cachons nous dans la maison,negative
1624,moi je ressemble Ã  Jason Momoa avec quelques kilos en trop o:,negative
1628,"Whoouuhouu,le loup fracasse la porte et crie :allahwuakbar !!",negative
1631,sa tÃªte je m'en tape le coquillard .,negative
1633,"enfin je tente Mamy, mais pas grand chose Ã  faire, je vais lutter contr ele sommeil jusqu'a 07h",negative
1637,J'ai envie de vomir ... La connerie masculine est vraiment sans limite ...,negative
1638,Noooooon Candice pourquoi tu veux me faire du mal comme Ã§a ):,negative
1639,tssss,negative
1642,"diablotin pas facile... Je pourrais pas faire un job pareil, je m'endors sans prÃ©venir moi",negative
1646,Pourquoi tu voulais faire le mal Candice,negative
1650,"diablotin c'est pour Ã§a que les long voyage en train me terrifie aussi, une fois je me suis retrouvÃ© Ã  Strasbourg",negative
1652,MÃªme pas chaouki,negative
1659,il aurait pas dÃ» mourir snif snif snif vraiment j'avais pleurÃ© et tout,negative
1660,et tu dors aussi en conduisant Mamy ?,negative
1661,"Little_Ch33ky: non, on a encore de la marge",negative
1662,C'est normal qu'il sort encore des sons? c'est sa bonne femme qui assure le suivi mortuaire des royalties?,negative
1664,"diablotin non, sinon je prendrais plus la voiture... Je suis une marmotte ok mais pas cinglÃ©e non plus... Du moins pas pour Ã§a",negative
1666,mais qu'il avait foutu au chaud,negative
1667,Ouai comme xxx qui sort un album un an aprÃ¨s.,negative
1668,me parle pas de xxx jvais pleurer,negative
1671,ca la chatouille pas,negative
1672,fallait pas le tuer pitiÃ©,negative
1679,sublime stop tes insulte en pv et en notice,negative
1680,"Bonne nuit lÃ  dedans et messieux, faites vous soigner ...",negative
1681,wahou me suis faite mordre elle en a eu marre,negative
1692,Moi je tire au fusil dans le ciel.,negative
1695,Moi mes souhaits de finir martyre pour ma cause exacte,negative
1699,Oui une fille sur tinder m'a dit que je ressemblais Ã  TheKairi78 j'ai tellement eu mal au fond de moi.. c'etait sa phrase d'accroche en plus )':,negative
1702,"Davros Non mais Ã  la base c'Ã©tait pas ma destination, moi je devais rester en Franche comtÃ©...",negative
1704,Mes condolÃ©ances Enissay.,negative
1708,C'est pas facile d'avoir une tÃªte aussi dÃ©formÃ©.,negative
1712,suicide repoussÃ© jdois Ãªtre lÃ  le 22 juin et 20 octobre 2022,negative
1714,ah sorry mon chat a marchÃ© sur le clavier ^^,negative
1720,La France est une Ã¢nerie pour moi,negative
1723,Je pensais que tu dormais sur ton clavier upnext,negative
1725,Â Â INFOÂ   Rachel choups1 et HamsterJovial|Otaf : Vous avez Ã©tÃ© ignorÃ© ou BlacklistÃ© par  Kipsi,negative
1726,"Chaat.fr - nÂ°40433  Aujourd'hui, je me suis pris le fond d'une piscine en pleine face. Quelques radios plus tard, aux urgences, j'apprends que j'ai le nez cassÃ©. Ma mÃ¨re ajoute alors : ""C'est pas plus mal, tu pourras faire de la chirurgie esthÃ©tique remboursÃ©e."" VDM ",negative
1727,tu ne m as pas repondu knux,negative
1729,ah rien qu'en y repensant je suis cuit ><,negative
1735,Il nous deteste P0ussiere2lune|TaFF .... spour Ã§a ...,negative
1737,HamsterJovial|Otaf:  le vilain que tu es,negative
1738,espÃ©rons qu'ils le sorte avant de mourir du variant lambada.,negative
1739,"mais que nenni, c'est lui qui Ã  des gouts ... comment dirais-je .... rouillÃ©s? xD",negative
1740,Â  l'enfoirÃ©,negative
1742," â„¹ï¸ [ INFO Chaat.fr ] â„¹ï¸ : Pour tout signalement(Â¬_Â¬) , n'hÃ©sitez pas Ã  remplir le formulaire âœ‰ âœ âž¤ https://support.chaat.fr/signalement",negative
1744,"C'est quoi, cette manie, de bosser la nuit ??",negative
1746,Mehox (Chaat@7FF48EB7.F2A4515F.D7810AC3.IP) a Ã©tÃ© vu pour la derniÃ¨re fois quitter #Ados il y a 16 minutes (Bon retour sur www.chaat.fr).,negative
1750,bonsoir les larbins,negative
1751,Elle se rÃ©pÃ¨te,negative
1755,arrÃªtez la..,negative
1757,Insomnie: en quoi on est larbins ?,negative
1758,sublime je ne parle pas au usere qui insult,negative
1759,sublime je ne parle pas au usere qui insulte,negative
1762,L'Ã©toile de l'islam c'est bien le prophÃ¨te Mahomet alors que en France un pays  cent pour cent bÃ¢tards s,negative
1763,Venom  a Ã©tÃ© enregistrÃ© mdr  bizzar a chaque fois je reviens avec se pseudo   il se fait enregistrÃ©  huhu,negative
1767,Elle est surtout pleine de drogue.,negative
1771,Ya rien de normal ici mdr,negative
1774,Personne:osef lol xD,negative
1781,Saad,negative
1785,Insomnie,negative
1786,"il ce dÃ©sactive aprÃ¨s 2 mois d'inactivitÃ© G500pseudos ,donc, oui c'est normal",negative
1823,!kiss new-man,negative
1833,Wallas  :/ lyah,negative
1851,"Clara tu joues Ã  quoi, tu veux crÃ©er un climet Ã©lectrique et de tension au salon",negative
1859,je suis moche lol Guest32725  si je la poste elles vont senfuir lol,negative
1866,olala Imen kelle curieuse lol,negative
1875,J ss ta grd soeur nn New-man,negative
1876,New-man curiositÃ© des femmes,negative
1885,comme d hab Unknown non lol,negative
1891,ðŸ™„ uh c est speedd qui gere mon argent Unknown lol,negative
1894,Toto t es foutu xD,negative
1896,Guest32725:  je ne vois ke ChoupetteNoPV lol  tu es venu en retard lol je peux pas tenvoyer ma photo,negative
1897,Speedd lol chute,negative
1899,ðŸ˜² Unknown,negative
1900,"Imen tu es Ã  un pouce de la tombe, vu tes 90 ans",negative
1902,Lol wallas,negative
1904,Mdrrrrr New-man j'ai pas demandÃ© ta tof,negative
1913,Toto t es foutu demain tu lui mon argent il te rÃ©pondra t es qui xD..,negative
1916,ðŸ˜ c est Ã§a qui m inquiÃ¨te justement speedd,negative
1917,Donne moi 30 j en ai vraiment besoin,negative
1920,ðŸ˜¥ rends mon argent speedd,negative
1934,oui oui je pense speedd yak t es moche non ptdrrr,negative
1937,Imen ya benti diri hada tu va rien faire avec,negative
1939,Imen mech sadaka non,negative
1941,ðŸ˜£ jiblli drahmi nechri kebch speedd,negative
1942,Fait vraiment chaud el youm,negative
1964,Toto sur le marchÃ© chinois y a une pÃ©nurie,negative
1971,Exportation de viande de chat et de chien,negative
1990,Dans le Sahara et servire les zone ou la crevette n est pas accecible,negative
2002,"isam (lea@373DCA4A.C3C43EDD.5F42CDF6.IP) a Ã©tÃ© vu pour la derniÃ¨re fois quitter #algerie il y a 13 heures, 47 minutes (Bon retour sur www.chaat.fr).",negative
2007,Mais avec 20 t as juste de commencer,negative
2010,Car c est vraiment chÃ¨re,negative
2012,t as disparue Guest32725 ??,negative
2017,Guest32725:  je suis pris moi lol,negative
2025,Toto je ne suis pas intÃ©ressÃ©e merci,negative
2032,"new-man se donne un peu de tendresse Ã  (elle-lui)-mÃªme, puisque personne ne lui en donne (â™¥â€¿â™¥)",negative
2033,se n est pas Ãªtre intÃ©resser que de venir manger Guest32725 ðŸ¤¨,negative
2035,Imen meskine receveurs fi bus de skhana Adi,negative
2040,ðŸ˜‚ ink nhalou drahmek bark,negative
2046,Unknown lol 3lh receveur moch khdma mliha,negative
2057,Non mais oh,negative
2061,Lulu: redi ohh,negative
2065,Unknown lol malheureusement rak ghalat ana moch mhtaja maquillage ;),negative
2066,Coin coin lulu,negative
2068,speedd:  si tu dis a Imen kiss partout elle saute du balcon,negative
2076,Viens dans mon pv immediatement lulu,negative
2078,un ordre lol,negative
2090,Rien entendu,negative
2113,Unknown: c bn c'Ã©tait un Chapitre drk un autr,negative
2116,J en ai marre des chapitres xD,negative
2117,C est tjr la mÃªme histoire avec les chapitres xD,negative
2121,J aurais du Ãªtre prÃ©sident :/,negative
2145,Imen:  ya pas mieux dommage roi  ma gene bcp,negative
2171,Unknown: biÃ¨re nn lol,negative
2188,Rudboy t as l air d un mec qui se fait grave chiÃ© xD,negative
2194,J'ai juste de la pitiÃ© pour certains pseudo ici ðŸ™„,negative
2196,Je m'Ã©clipse sinon j'vais me faire banne ðŸ‘‹,negative
2197,Imen: alach hsebtini  celibataire lol,negative
2198,Rudboy a dieu faux frÃ¨re,negative
2206,Plus personne,negative
2223,nergresse cv,negative
2232,Le salon est fatiguÃ©e,negative
2233,personne ne parle ?,negative
2234,pour dire quoi,negative
2241,alikome pas pour les musulmans,negative
2253,Arabica:  arete avec ton sceau,negative
2259,Arabica:  arte une femme fait pas ca a son amoureu,negative
2295,baloo|fb: ðŸ˜±ðŸ˜±ðŸ˜± ,negative
2326,Arabica:  donc mon amour pour toi n est ke sorcellerie !!!,negative
2334,eurasienne:  laisse Arabica je la drague la heu hhhhhhhhhhh,negative
2338,le pauvre baloo|fb ðŸ˜­ðŸ˜­ðŸ˜‚ðŸ˜‚ðŸ˜‚ðŸ˜‚ðŸ˜‚ðŸ˜‚,negative
2357,nn man 3andek,negative
2365,Offside je t ai cru mort,negative
2367,Unknown: tu parle Ã  mon fantÃ´me la lol,negative
2372,Bien bien t as tjr pas retrouvÃ© ton humour,negative
2376,Pas trop je suis dÃ©Ã§u de le voir tjr Envie,negative
2381,Il ment Ã  tout le monde ici,negative
2384,Ahawka moi non,negative
2386,Je sois faire a mangÃ© la :/,negative
2387,Unknown: je t'ai promis le mariage et je t'ai trahis ? ðŸ˜‚ðŸ˜‚,negative
2393,Offside prochaine fois tu sors,negative
2395,Offside je viens de rentrÃ©e :/,negative
2397,Adage laisse tombÃ© ils des gens qui comprend mal Ã§a,negative
2399,Salamo ðŸ˜® no,negative
2402,Salamo contre notre temps,negative
2411,asil:  c pa frai cv,negative
2415,Salamo je ne suis pas en couple / et je n ai pas un mari,negative
2419,perlea: cv toi je devien de moin en moin rapid lol,negative
2422,Salamo no ðŸ˜®,negative
2425,Salamo je ne comprends pas ton franÃ§ais,negative
2426,speedd a cause de la chaleur ou tu deviens vieux mdr,negative
2428,perlea: nn trop de tache a fair reduit ma vitesse mais en gros je devien cv lol,negative
2429,Salamo ils sont tous moches,negative
2431,Tsss,negative
2433,Tres moche,negative
2435,Adage c'est  bien fausia se lalolagije n'ai que cette langue de ma grande mÃ¨re dÃ©solÃ©,negative
2439,Adage moi. Moche hahahah,negative
2454,perlea: cv on s habitue  mais jesper les vaccance von pas etr gaspiller a cause du covid,negative
2459,Speedd oui la situation n'est pas claire un confinement est probable !,negative
2462,Anya pousse speedd dans la piscine pour s'en dÃ©barasser! PLOUF !!!  ._.Â·Â´Â¯(_..Â·Â´Â¯(_ t(>.<t)..Â·Â´Â¯(_..Â·Â´Â¯(.,negative
2463,133 - 101 c trop,negative
2467,perlea: oui je voi ca c maleureu,negative
2472,No salamo ðŸ˜¡,negative
2477,Anya pousse Adage dans la piscine pour s'en dÃ©barasser! PLOUF !!!  ._.Â·Â´Â¯(_..Â·Â´Â¯(_ t(>.<t)..Â·Â´Â¯(_..Â·Â´Â¯(.,negative
2478,ConcrÃ¨tement vous dites salam a ceux que vous connaissez,negative
2479,perlea: oui mais c vraimn dure lol,negative
2483,Anya: wlh vu la chaleur c jour si wlh s3ib lhal hhh,negative
2512,"Arabica (uid505084@Rose.du.Desert) a Ã©tÃ© vu pour la derniÃ¨re fois quitter #Passions il y a 4 heures, 7 minutes (Bon retour sur www.chaat.fr).",negative
2516,Adage ne parle pas trop et ne saute pas sur tout qui bouge,negative
2538,Amel (Chaat@45478E40.38CAC349.E9CCA940.IP) a Ã©tÃ© vu pour la derniÃ¨re fois quitter #Accueil il y a 4 minutes (Bon retour sur www.chaat.fr).,negative
2541,ðŸ˜­ ma tÃªte,negative
2554,C'est toi mon problÃ¨mes,negative
2556,Salamo  tu es meme pas sait lire la langue arabe,negative
2565,Salamo: LÃ¢che pas l'affaire elle commence a la perturber au point de perdre ces mots !! lol,negative
2574,bueno4 la c'est moi  que je suis perdue  mdrrr,negative
2588,Beuno4 shut up,negative
2602,Elle rate rien,negative
2619,    bang !!! bang !!!! bang  !!!!  fait ! new-man apres se pauvre canard qui s'envole !! et le canard fait coin !!!! coin !!!! coin !!!! mais laissez moi enfin tranquille  !!!!! et lache une enooooooooooooorme !!!!!!!!!!!!!!!! fiente sur la tete de new-man et sa fait splatch !!!! sur la tete du chasseur ,negative
2638,non KnuX pas vu mon ami,negative
2644,    bang !!! bang !!!! bang  !!!!  fait ! new-man apres se pauvre canard qui s'envole !! et le canard fait coin !!!! coin !!!! coin !!!! mais laissez moi enfin tranquille  !!!!! et lache une enooooooooooooorme !!!!!!!!!!!!!!!! fiente sur la tete de new-man et sa fait splatch !!!! sur la tete du chasseur ,negative
2648,perlea: lol mais pas chaoui ,negative
2659,bueno4: olala bzf sutou qd tu trvl et la pression ,negative
2663,canari: Tu t'ennui grave ds ta cage dorÃ© en dirai !! lol,negative
2669,speedd: J'parler de l'incendie du cotÃ© de khenchela l'air doit etre suffocant !!,negative
2670,mais la c'est un peu louche mdr speedd,negative
2726,Aucune rÃ©ponse n'a Ã©tÃ© trouvÃ©e.,negative
2755,Oui fermÃ© salamo,negative
2762,mzawjachaba: Ton mari n'est pas du genre a Ãªtre jaloux ?!! lol,negative
2785,bisoussssssssssssss bueno4  po baveux cause covid  :p,negative
2791,Salamo juste illusion,negative
2798,eurasienne|vivaitalia: saletÃ© de virus !! lol,negative
2801,le coeur qui tombe facilemnt amoureux est un coeur d une personne facile lol,negative
2808,Donc pas encore eurasienne|vivaitalia,negative
2811,je sais pas moi MvsConeX,negative
2822,J'arrive pas Ã  rÃ©cupÃ©rer mon pseudonyme,negative
2831,Non pour le Booom boom eurasienne|vivaitalia,negative
2865,andi decalage horraire,negative
2875,depui  je deteste les lundi,negative
2876,c pour ca ke tu es un peu deregle samedii,negative
2877,moi jaim vendredi ,negative
2894,samedii:  mange tout evite les cuisses de grenouilles car tu peut nous causer des blemes avc des flood apres,negative
2911,Hahahah ils fait chaud  c'est normal les visible sautÃ©,negative
2922,Le chef c'est new-man pas moi,negative
2923,nedbedtli o rahet :(,negative
2938,jamais lol,negative
2939,fille unique,negative
2947,pas a moi,negative
2978,inchallah ya adage rebi 3ychk zinaaa une jolie Blonde russe,negative
2986,J'ai lai choquÃ©,negative
3002,Babycrew:  partie dialoguer,negative
3003,matkolch mm pas bonne nuit l rajelha,negative
3005,Bloquer,negative
3013,Adage not toi choquÃ© puisque c'est ton boulots,negative
3016,j'ai pas compris ton msg ? Babycrew,negative
3033,oups,negative
3038,Tres moche salamon,negative
3057,Unknown:  suis la sans seen hhh,negative
3058,Je suis pas sur pc lol,negative
3062,!down,negative
3109,Ù…Ø§Ù†ÙŠ Ù†Ø´ÙˆÙ ÙˆØ§Ù„Ùˆ,negative
3121,Ø§Ù„Ø±Ø¬Ø§Ù„ Ù…Ø´ Ø­Ù„ÙˆÙŠÙ† Ø§Ø¨Ø¯Ø§,negative
3133,f tes reves lol,negative
3136,Ø§Ø°Ø§ Ù…Ø´ Ø­Ù„ÙˆÙŠÙ† Ø¹Ø§Ù„Ø§Ù‚Ù„ Ù„Ø§Ø²Ù… Ø§Ø¯Ø¨,negative
3158,ya adage knux ya3ch9 fik mais il es timides miskin,negative
3173,Ø¨Ø·ÙŠØ¡,negative
3186,un petit vieux avec une bonne retraite en plus ya adage,negative
3191,wahed hder maa wahda   sebato tayhatlo  lol   qatlo wach rak hessebni  ???   qalha f debut hssebtek mra   mais ki tayahti   loll bedelt rayi,negative
3197,mm pas,negative
3221,pffffff,negative
3231,Awjak Ø­Ø±Ø§Ù… Ø¹Ù„ÙŠÙƒ Ø§Ø®ÙŠ,negative
3233,Ø§Ù„ØªØ¹Ø§ÙŠØ´ Ù…Ø¹ Ø§Ù„ÙƒÙØ§Ø±,negative
3247,ya knux ndrlek l'affaire m3a adage et mÃªme pas un merci lol hhhhh,negative
3248,Ù†Ùˆ Ù†Ùˆ,negative
3256,Ø§Ù„Ø³Ø¨Øª Ù„ÙŠØ³ Ø¹ÙŠØ¯ Ø§Ù„Ù…Ø³Ù„Ù…ÙŠÙ†,negative
3307,Ù„Ø¨ÙŠÙƒ Ù„Ø§ Ø´Ø±ÙŠÙƒ Ù„Ùƒ Ù„Ø¨ÙŠÙƒ,negative
3312,Ù„Ø§ Ø´Ø±ÙŠÙƒ Ù„Ùƒ Ù„Ø¨ÙŠÙƒ,negative
3325,je cherche un emploi,negative
3341,Pas faux on est tous des moches,negative
3383,I wlh sincÃ¨rement tu dis n'importe quoi ayhouh pas. Ce point +samedii,negative
3398,moscoo (Chaat@A5789621.FEF901B9.632DB19E.IP) a Ã©tÃ© vu pour la derniÃ¨re fois quitter #algerie il y a 9 minutes (Bon retour sur www.chaat.fr).,negative
3399,Nilinnaa je te cede les autres  lol  j prend trop de place,negative
3401,aachik|oqp:  tu es en vie sucidaire ? lol,negative
3402,Non aklin dakii a samedii,negative
3440,vitaa tu veux Ã©gorger quelqu'un haha Ã§a va et toi,negative
3442,!down,negative
3447,vitaa1: mode nech dÃ©sactivÃ© ,negative
3465,vitaa1 balance un seau d'eau froide sur speedd. Ca va te calmer je pense ;) ,negative
3469,vitaa1 balance un seau d'eau froide sur Belkacem|dz. Ca va te calmer je pense ;) ,negative
3476,vitaa1: zidy plouf,negative
3479,Belkacem|dz balance un seau d'eau froide sur speedd. Ca va te calmer je pense ;) ,negative
3481,vitaa1 pousse speedd dans la piscine pour s'en dÃ©barasser! PLOUF !!!  ._.Â·Â´Â¯(_..Â·Â´Â¯(_ t(>.<t)..Â·Â´Â¯(_..Â·Â´Â¯(.,negative
3482,vitaa1: nesch desactive,negative
3487,vitaa je suis bien calme mais je l'accepte vu sa fraicheur :),negative
3493,vitaa1: Ø­Ø±Ø¨ Ø§Ù„ÙƒÙˆÙ…ÙˆÙ†Ø¯,negative
3497,Ayah|OnAir: tu souffre :/,negative
3501,vitaa1   hanounek whreni rah mrid,negative
3502,redDol:  kes que ca peut te faire tu y es bien la bas  donc sans coimmentaire,negative
3513,!k redDol  va  prendre une douche froide,negative
3515,+OkitooSd hhhhhhh kirak chahowala had rayba khouya,negative
3516,Oui speedd,negative
3518,OkitooSd rani mrid chwiya,negative
3525,delphine (Chaat@6C7FECBB.8EB2A170.DABA5AE9.IP) a Ã©tÃ© vu pour la derniÃ¨re fois quitter #Accueil il y a 1 heure (Bon retour sur www.chaat.fr).,negative
3531,Inno:   Faut te reposer,negative
3532,Ayah|OnAir: trop de charge au boulot,negative
3533,Angels: il a quittÃ© ,negative
3535,Belkacem|dz balance un seau d'eau froide sur Inno. Ca va te calmer je pense ;) ,negative
3538,Ayah|OnAir:  les chinois fabriquent des trucs ils nous envoie s'cassÃ© la tÃªte avec,negative
3541,"delphine (Chaat@6C7FECBB.8EB2A170.DABA5AE9.IP) a Ã©tÃ© vu pour la derniÃ¨re fois quitter #Accueil il y a 1 heure, 1 minute (Bon retour sur www.chaat.fr).",negative
3548,vitaa1 tu ne reviens pas?,negative
3549,!voice wahrani31,negative
3556,pas moi,negative
3560,vitaa1: TF1 ....El yatima ma3ndhach edrahem lol,negative
3561,Ayah|OnAir re c'est quoi cette chanson wawawawaw ðŸ˜‚,negative
3562,Ayah|OnAir:  suis pas guerrier hÃ©las,negative
3568,Trop Inno 100 pour prendre les Armes !! lol,negative
3570,"perlea: , Ayah|OnAir a trop mangÃ© de sucre pour Ã§a elle lance des chansons pareilles ;)",negative
3573,bueno4: les guerriers meurt souvent jeune,negative
3580,mais franchement elle est cata,negative
3585,quest ce quil fait le drapeau algerien a wembly ?,negative
3590,Un guerrier qui a pa peur de la mort la mort levite,negative
3591,une barry white possible Ayah|OnAir je vais abuser de ta gentillesse,negative
3592,bueno4:  que dale,negative
3598,speedd: 3ajbetni la mort l'Ã©vite,negative
3600,vitaa1 ma tjich? :(,negative
3603,"!dedi speedd ""Zawali w fhal"" lol",negative
3604,bueno4:  bouhhhh kifkif ana rani nkahhal,negative
3605,vitaa1: J'ai beau chercher qlq un ki aurai un soit peu mes traits j'trouve pas !! lol,negative
3611,vitaa1 tu fais exprÃ¨s de ne pas me rÃ©pondre?,negative
3615,Sympa3: peut etre quelle a pas envie de te parler,negative
3617,vitaa1: rÃ©pondu aala rajel mtbhdelich bina,negative
3618,"vitaa1 wallah si tu l'avais dit clairement, je serais parti",negative
3622,speedd:  bouhhh nendeb hnaaaki rÃ©ponditlou Sympa3 bark houwa 3ma,negative
3627,"Sympa3: elle a dit clairement la,,alors pars",negative
3630,nta super glue,negative
3631,speedd: Ana l'plus et vitaa1 l'moins !! lol,negative
3634,basseme nta super caca,negative
3635,"ah attends Belkacem|Abs... euh... non, rien.",negative
3637,"Sympa3: ana quand une fille me dit NON, jarrete,,,je cole pas",negative
3640,bouhhh,negative
3641,"je vais continuer le match, bye",negative
3646,vitaa1: bouuuh,negative
3651,speedd: Ana l'yin et vitaa1 l'young ....mÃªme kbira f'la3mer !! lol,negative
3653,bouh 3liya,negative
3655,Inno:  DEmain  j ai une journee assez   remplie,negative
3657,wach men sympa  yerham babak,negative
3664,"loukane kane  sympa,,il  dit pas supercaca",negative
3666,Inno mais depusi que je l ai essaye j ai un souvis  avec mon micro,negative
3667,Sans mon pseudo je vais perdre aussi mon amie aidÃ© moi,negative
3674,boiuhhh speedd ana 3ajouza andi 35 ans,negative
3676,Salamon: tu as un pbm ?,negative
3682,Oui j'ai perdue mon pseudo,negative
3685,Salamon: t'as perdu le mot de passe c'est Ã§a ?,negative
3689,"Inno: lala, un autre a pris son psd et la enegistrÃ©",negative
3695,basseme:  ah d'accord dans ce cas il n'y a aucune solution,negative
3696,"Inno: non , aucune",negative
3705,Salamon: tu nas aucune chance de le recuperer,negative
3711,l'Ã©quipe U20 a perdu,negative
3712,Erreur dÃ©solÃ©,negative
3717,bah c'est une tepe,negative
3718,tepue,negative
3719,te fait pas manipuler par cet enculÃ© de inno,negative
3720,C'est vide de sens,negative
3721,ce mec c'est un gros batard,negative
3724,un gros fils de tepue c,negative
3725,what the fuck,negative
3726,inno le grand connards,negative
3727,!kb looping|222ÂµÂ§Âµ@Âµ INSULTES,negative
3728,Il se fait manger le mec!!!,negative
3729,!kb looping|222 vas jouer ailleurs,negative
3730,!down,negative
3731,vitaa1 hada wesh ya3jbek? Tu me dÃ©Ã§ois,negative
3732,vitaa1 les mecs qui se font manger,negative
3745,Inno pousse Naim dans la piscine pour s'en dÃ©barasser! PLOUF !!!  ._.Â·Â´Â¯(_..Â·Â´Â¯(_ t(>.<t)..Â·Â´Â¯(_..Â·Â´Â¯(.,negative
3749,je vais floodÃ© :D,negative
3759,Je sors et vous laisse rire de ce qui n'est pas drÃ´le,negative
3760,mais puree,negative
3761,arretez  de changer de pseudo comme ca et de faire les innocents,negative
3763,oune prenez aps les pseudos  des autres,negative
3764,ni ici ni ailleurs,negative
3765,les innocents sont en prison,negative
3767,flagrant dÃ©lit !,negative
3776,suis faible en anglais,negative
3777,salama chacal,negative
3790,Naim:  redol ignorez vous svp,negative
3804,Naim:  tu as pu berne les autres pas moi,negative
3911,Nasia je suis en Kabylie dans la montagne,negative
4043,rigole pas,negative
4062,oui stop le flood,negative
4063,pfff ce con de morataa,negative
4064,Ya eu une main nan,negative
4065,il Ã  pas sifflÃ©,negative
4066,pas siffle,negative
4067,L'espagne c fai avoir la,negative
4068,lol le stress !,negative
4069,voilÃ  cible Ã©liminÃ©e,negative
4070,COMMENT PEUX ONT CAUTIONNAI D TEL AGISSEMENTS VENANT D UN VOYOU,negative
4071,JE BOYCOTT LA ROOM,negative
4072,EURA SES INSULTES NAUSEABONDES,negative
4073,non butterfly !,negative
4074,m en fou je lance kan meme mdrrr,negative
4075,Et il parle tres mal,negative
4076,Redol le vilain charclo,negative
4082,elle met des coup de tete au clavier la mdr,negative
4083,ca va pas etre calme mac,negative
4086,repond ou tel moi la folle,negative
4093,po la moi,negative
4111,on va se calmer mdr,negative
4114,spece de radouilleur KarantezTener|Etincelles|OnAir,negative
4127,Un big cock !,negative
4134,Et vaut mieux pas.,negative
4136,Ah non du tout,negative
4138,Elle est trop velu lol,negative
4140,Et dire que j'allais m'excuser sans dÃ©conner,negative
4141,Moh la chanson dÃ©primante !,negative
4143,C'est long long long !!!,negative
4144,Je regarde plus Ã§a me gonfle,negative
4145,Ã‡a criait fort chez moi taleure,negative
4146,ptain je serais mbappÃ© j'arrÃªterais le foot ,negative
4147,C'est clair bon Ã  rien mauvais en tout lol,negative
4148,En plus Ã§a va mal finir,negative
4149,les autres sport keudal,negative
4150,le fourrage!!!,negative
4151,Mais si Motard66 y Ã  5 mn je me suis faite traitÃ©e de grosse,negative
4152,Par un mec qui vit chez sa daronne Ã  40 balais,negative
4153,il a rincÃ© benzÃ©,negative
4154,il va coÃ»ter cher pour les transferts,negative
4155,on est tous le con de qqn de tte facon,negative
4156,En fait j'plains sa daronne surtout,negative
4160,DÃ©jÃ  que moi j'en ai trop dire et que je m'en bouffe les doigts,negative
4161,Ben moi je trouve Ã§a loooong !!!,negative
4162,MAIS T'ES PAS NET BAPTISTE,negative
4163,Ltisia â€º Par contre les majs Ã§a pique les noeils,negative
4164,J'lis pas Ã§a m'irrite les noeils,negative
4165,Incitation Ã  la dÃ©bauche tu fais kAyzO,negative
4166,Perso j'peux pas,negative
4167,J'ai une trop pitite bouche,negative
4168,pervers,negative
4169,elle suce encore des sucettes,negative
4171,Il a bouffÃ© un ban ailleurs ... Ã§a devrait arriver ici vu les propos ...,negative
4172,c'est quoi ce dÃ©lire?,negative
4173,Kat: genre ta pigÃ© la discuss la??,negative
4174,Kat: ils ont fumÃ© l ambiance,negative
4175,Au feu les pompiers la maison qui brÃ»le lol,negative
4176,houston!! houston je perd la com!!,negative
4177,nom de zeux!!!,negative
4178,kat femme fontaine qui chialle,negative
4180,ta chatte dÃ©borde d'un jet aussi Ã©levÃ© que celui de genÃ¨ve,negative
4181,tu veux pas sucer la bite kat,negative
4182,detend toi,negative
4183,tu as l'air d'une bonne pompeuse de tuyaux,negative
4184,Non mais tu es fÃªlÃ© mon pauvre,negative
4185,mais non,negative
4187,tu ignores tes talents cachÃ©s,negative
4188,ben non,negative
4189,lolipop tu es trÃ¨s vulgaire ce soir chelou toi,negative
4190,Fait lourd !!,negative
4191,Kat:  fatiguant oui,negative
4192,"c ca, plus qu a me taire",negative
4193,Un peu fatiguÃ©e,negative
4194,Mais,negative
4195,Wallas  cest bon stop,negative
4196,puree ca me soule,negative
4197,Wallas reste tranquille avec ayah,negative
4198,Quick_:  il m a mal parlÃ©    en disant  cest quoiu ces pseudo,negative
4199,tous vos   motrs vulfaires,negative
4200,vulgaires,negative
4201,il drague les mineures,negative
4202,tas plus de 30 ans  et tu invites une mineure chez toi,negative
4203,Je suis hors planÃ¨te hhh,negative
4204,et j'ai fait deux burnt out,negative
4205,je suis pas nÃ© hier,negative
4206,je suis pas nÃ© de la derniÃ¨re pluie ok ?,negative
4209,Elinea seul ðŸ˜ž,negative
4210,"j'ai rachettÃ© un casque audio H-Lamberty, j'en ai deux cassÃ©s, tjrs pas mis a la poubelle, suis trop feneant",negative
4215,j'aimerais tuÃ© ma solitude avec un chaton,negative
4216,ici vaut mieux s'inventer un mari pour Ãªtre tranquille,negative
4217,je suis vieux,negative
4222,Je tue ma solitude avec moi mÃªme,negative
4226,Nanasse il n y a jamais personne sur le salon belgique ?,negative
4229,"Joss:  j'en sais rien, j'y suis jamais allÃ©e, j'reste juste ici",negative
4244,pis c'est chiant d'amener au recyclage les appareils electronique H-Lamberty,negative
4246,te fait pas greffer une maladie,negative
4249,il fait un peu gris aujourd'hui,negative
4253,surtout quand tas pas de sous ty va jamais dans le magasin rire happyy,negative
4259,Il semblerait que nanasse s'offre une bonne pause clope bien meritÃ©e (c'est pas bien de fumer),negative
4271,en plus c'est payant la dechetterie happyy,negative
4274,A plus cobra666999 mÃªme si je te connais pas,negative
4282,Bah jarrive pas a le mettre,negative
4301,rien,negative
4305,elle est hyper loin la dechetterie de chezmoi happyy,negative
4306,Rien encore ce matin,negative
4308,Je te faiscreveiller ðŸ°ðŸ©â˜•â˜•ðŸ®ðŸ¦ðŸ¦,negative
4318,faite un /whois bigoook1,negative
4319,j'avais la peau qui rape surmon visage j'avais un cheri je lui c'est chelou man j'ai la peau qui rappe,negative
4322,et pas la peine de faire les vitres il pleut,negative
4327,sinon j'ai la voiture Ã  laver !,negative
4329,je lui dis mais non ce n'est pas la solution,negative
4331,"elinea, Pour dire quoi de plus ? ",negative
4332,Au moin Ã§a les lave les vitres comme ca lol,negative
4339,et j'ai jamais mis de creme,negative
4341,tu veut ou pas,negative
4344,guÃ¨re dans me pattes,negative
4345,"Kiffrebeuse, Rebeuse Ã§a existe ce mot :o ?",negative
4351,comme j'Ã©tais allergie Ã  mon cheri c'est tout,negative
4355,"bigoook1, oh tu fais quoi elle est mineur espÃ¨ce de KONARD ",negative
4360,Conard,negative
4364,connnnnnnnnnnnnn ard,negative
4370,Dsa25:  mauvais salon pour Ã§a,negative
4373,j'aurai du lui mettre une giffle y s'en serait souvenu aussi tiens,negative
4374,Il me fai peur dsa25,negative
4376,y'en a du boulets,negative
4379,"bigoook1, je connais pas cette ville ",negative
4382,la liste est longue,negative
4383,kAyzO:  c'est un tout petit bled perdu dans la brousse lol,negative
4391,non kAyzO dans la sienne,negative
4392,Ninporte quoi raphry,negative
4395,"nulle part Raphry, mauvais endroit",negative
4401,"Raphry, Ton stylo n'a plus d'encre",negative
4408,Jai une discussion  de merde moi lol,negative
4411,"Raphry, Tu serais pas le seul je penses (: ",negative
4416,tain les mecs sÃ©rieux tellement vous avez pas copulÃ© depuis je ne sais combien de temps vous devenez frustrÃ©e et casse kouille,negative
4417,c'est relou ,negative
4425,Nanasse y'en a plein oui mais la non plus c'est pas interdit..,negative
4426,"ouais, ici on fait un noeud et on se la glisse derriÃ¨re l'oreille",negative
4427,@Nomade PlutÃ´t des Yvelines actuellement c'est la guerre dans le ciel ^^',negative
4429,"Chaat.fr - nÂ°44158  Aujourd'hui, j'attendais impatiemment mon colis chez moi qui n'arrive pas. DÃ©but d'aprÃ¨s-midi, je vais voir la boÃ®te aux lettres : avis de passage du facteur. Le colis n'a pas pu Ãªtre remis, motif : ""PAS DE SONNETTE"". VDM ",negative
4433,Raphry:  sauf que ce salon n'est pas fait pour ta demande,negative
4434,c'est pas le salon des ptites annonces ici,negative
4435,Raphry repond pas non plus ta quel age,negative
4436,celles du chasseurs franÃ§ais sont bien meilleures,negative
4437,Ohh ce n'est pas l'age qui compte elinea c'est l'intention ðŸ˜‚ðŸ˜‚,negative
4441,Il es bizarre ce site non,negative
4445,Pk bizzare,negative
4446,Flute moi qui comptais mettre en vente une vieille roue ðŸ˜•,negative
4447,"non Caramelo, ce sont certains users qui sont bizarres",negative
4452,non on s'y fait trÃ¨s vite surtout si on n'a rien Ã  faire !,negative
4457,Je veux pisser et vomir !,negative
4459,Mais ya pas de dialogue en pv ici,negative
4463,Ã§Ã  j'en sais rien Caramelo,negative
4469,Caramelo:  mais y'en a qui bloquent leurs pv,negative
4471,Imagine tu toque  dans la maison des gens puis ta pas d'affinitÃ©s  mdr,negative
4473,mÃªme quand tu les crÃ©es kAyzO  je le dÃ©conseille !,negative
4476,Attention je vais vomir ?,negative
4481,Tss quand j'vois comment on toque a la porte de ma cage....,negative
4482,Elinea ta quittÃ©? ðŸ¤”,negative
4488,je tape vite mais je fais Ã©normÃ©ment de fautes,negative
4493,"Mais ouais tramontane, aucune intimitÃ©... Pfff",negative
4494,Mais on dois tous parler ici en mÃªme temps c chaloupe no,negative
4498,disons que comme j'ai rien Ã  dire autant ne pas se relire lol,negative
4503,Mais ya pas de cam ici,negative
4504,Maintenant je sors l'on truck et je pisse sur vous tous !,negative
4505,ba maintenant que je sais que tu es en couple je ne vais plus dans tes pvs,negative
4506,"non Caramelo , pas de cam, on voit assez d'horreurs Ã  la tÃ©lÃ©",negative
4507,Ta peut-Ãªtre pas le droit a la Cam,negative
4508,j'ai encore perdu du temps !,negative
4509,OulÃ  ^^ C'est pas trÃ¨s gentil Ã§a :o,negative
4510,Ah OK et pas de vocal non plus,negative
4514,Vocal je c pas,negative
4516,"non Caramelo , juste l'Ã©crit",negative
4518,Cam toi cam ? Un mec et une meuf ou deux meuf et un mec possible,negative
4520,et paf la piaf !,negative
4521,Labrune:  y'a pas de cam ici,negative
4523,Ah nanars Di non,negative
4524,Y'a pas de cam ici tous des coincÃ© aller je me le casse,negative
4528,A les escort et autres viennent de se lever,negative
4530,merci du balai,negative
4533,elle ne trouve plus la sortie ?,negative
4534,c'est pas le bois de boulogne ici Labrune ,negative
4538,trop occupÃ© Ã  envoyer des liens douteux Ã  des jean mich,negative
4541,bin non,negative
4545,Ã§Ã  manque @,negative
4549,"Caramelo:  j'bosse pas, j'suis en arrÃªt",negative
4553,Labrune:  c'est surtout que ici c'est pas un site de racollage.... les cams payantes on fait pas !,negative
4561,"Tramontane, CrÃ©e quoi? j'ai perdu le fil :(",negative
4570,A l'abrune a un client mdr,negative
4571,"Caramelo, Le prix des menus de restau de collioure s'envole dans l'espace aussi :D ",negative
4581,Sa vas trop vite la ohhhj,negative
4584,La brune elle te calcule pas donc fait de mÃªme tu as rien Ã  faire,negative
4589,Ah la brune on va ou alors pour ce camer lol,negative
4591,zutt,negative
4592,fais gaffe tu deviens addict bakii,negative
4599,"Chaat.fr - nÂ°263139  Aujourd'hui, j'ai eu un accident en allant faire une brocante, avec la voiture chargÃ©e. Ne pouvant pas bouger, je vois des gens s'arrÃªter, venir jusqu'Ã  ma voiture et... non pas me porter secours, mais regarder s'il y avait des choses intÃ©ressantes dans ce que je transportais. VDM ",negative
4600,Dans ton fion rempli de merde mdrrr aller je me casse dommage tu va t'en jouer,negative
4605,!ignore Jessica,negative
4607,ignore labrune,negative
4608,y a pas jeanne c 'est nul,negative
4609,la lumiere n est pas lÃ ,negative
4614,2 fois qu'elle dit qu'elle se casse mais elle est toujours lÃ  lol,negative
4616,Et je suis encore lÃ  rien que pour te faire chier ananas,negative
4622,je vous fait jouir lÃ  derriÃ¨re vos Ã©cran mdr ðŸ˜œ vous avez vraiment rien Ã  foutre,negative
4623,Labrune reste poli surtout si t pas jolie,negative
4624,et elle sait pas lire un pseudo,negative
4626,tant de gens pensent etre des lumieres alors qu'ils ne sont que de sinterrupteurs,negative
4627,labrune jouir ??,negative
4628,"Lol et quesque t'en sais toi , on ferme sa geule quand on pue de la geule sa sens d'ici",negative
4630,t as des probleme toi,negative
4632,Oui jouir lol vous avez rien d'autre Ã  faire que me faire chier,negative
4635,Labrune mais va t pendre,negative
4639,tu raconte n impe,negative
4640,Mais est ce que je t'es demander de payer toi dÃ©jÃ  ferme ta bouche si je te parle aps dÃ©jÃ ,negative
4642,t'es lÃ  entrain de te masturber derriÃ¨re ton Ã©cran et tu ouvre ta bouche,negative
4643,oula sympa l'ambiance ^^,negative
4649,Et va te prendre sa fera un con de moins sur terre,negative
4651,!noir Guest43051 interdit ici,negative
4652,il va faire noiiiiiiiiiir !!! nanasse demande Ã  Guest43051 de fermer sa yeule !,negative
4653,labrune va te pendre,negative
4654,il ou elle envoi des liens douteux en pv,negative
4656,les gens d'aujourd'hui c'est grave tu propose des cam to cam sa y est tu fait la catin bande de chacal,negative
4657,mÃ©fiez vous,negative
4658,Labrune tu es pathetique cam to cam ..mdr..ha ouais pend toi serieusement,negative
4659,tu remarqueras que je ne dis pas bonjour Ã  tout le monde Enissay,negative
4660,Ferme ta geule toi j'ai dis,negative
4661,au composteur la brune,negative
4663,elle dit pas bjrs Ã  tout le monde :op ,negative
4664,tramontane tu remarquera qu'on s'en fou un peu,negative
4666,Labrune:  insutle au moins sans faute,negative
4667,j'ai horreur de la vulgaritÃ©,negative
4669,et paf la piaf !!!!,negative
4675,Labrune ferme lÃ  a tout jamais,negative
4677,"bakii, elle est plus lÃ  :(",negative
4688,Alors la brune en manque de cul casse toi c mieux ma parole,negative
4689,labrune ..ou la conne ..?,negative
4695,bakii:  elle n'est plus lÃ ,negative
4697,"bakii, elle est plus lÃ  rÃ©veille TOI un peu ",negative
4698,vous me semblez tendus,negative
4699,Vladcarstein:  elle est ban,negative
4700,mince c t marrant,negative
4704,justeen: avec le cobide tout le modne est un peu Ã  cran,negative
4712,escuse j suis pas a fondr dedans,negative
4715,Bon je dois quitter thorman.  DÃ©solÃ©e,negative
4733,!mord choupette,negative
4739,"Jeancule16cl, roland_culÃ©",negative
4749,!mord bichette,negative
4755,my english is very bad but of course you can understand me o:,negative
4766,"C est impressionnant il est 10h passer les pseudo Fake sont de sortie, peuvent pas se lever comme tout le monde a 6h",negative
4769,"rho l'autre hÃ©, il se barre :/",negative
4772,Bon allez zou bye a tous a plus,negative
4773,Salut diablotin,negative
4774,"Ennour, Bye bye Ã  plus ",negative
4775,c'est le far ouest Ã  cette heure lÃ ,negative
4777,"Chaat.fr - nÂ°25641  Aujourd'hui, c'est mon anniversaire et mes parents m'ont offert ""un bon pour un cadeau de plus l'an prochain"". Ils m'ont dÃ©jÃ  offert ce mÃªme bon l'an dernier. VDM ",negative
4781,l'aprÃ¨s midi j'y suis jamais,negative
4784,ca va devenir le bordel s'il fait moche,negative
4789,puis le confinement terminÃ© tout Ã§a,negative
4790,baisse d'activitÃ© ,negative
4791,moi pas beau j'ai rien fait de spÃ©cial,negative
4793,ah ouais ta vu Tramontane on va subir l'inflation la hausse des prix ,negative
4797,les fournisseur on gonfler leurs prix ,negative
4799,et c'est nous qui trinquons,negative
4800,je m'en fiche je dÃ©pense mon fric en espagne,negative
4801,Ã  cause de la marge qu'ils vont se faire pour rÃ©cup,negative
4804,Bizarre ici,negative
4807,fait pas comme les multi nationnal :o ,negative
4825,Ã‡a va trop vite,negative
4827,m'enfin l'inflation on en reparlera dans quelque temps x: quand tous le monde aura plus de thune en millieu de mois xD ,negative
4829,Ã§a sera les moitier de mois difficile,negative
4830,plus les fins de mois difficile,negative
4831,je crois que c'est ce que vivent les gilets jaunes,negative
4835,"Tramontane, faut arrÃªter les GJ la plupart sont des chÃ´meur ou au RSA t'sais ",negative
4836,rare son ceux qui on un emploie fixe chez les GJ ,negative
4838,non pas au dÃ©but du mouvement,negative
4840,mÃªme le royaliste Ã  deux balles qui fou une claque Ã  Macron ,negative
4842,un royaliste quoi ,negative
4844,Je sais pas me servir du site,negative
4845,y'en qui on pas compris je crois l'Ã©volution de notre civilisation mais bon ,negative
4853,AidÃ© moi svpl,negative
4857,C'est un monde primitif,negative
4859," â„¹ï¸ [ INFO Chaat.fr ] â„¹ï¸ : â›” STOP aux bagarres â— â›” Tout comportement nÃ©gatif ou violent pourra Ãªtre sanctionnÃ© par un Kick voir un Ban. Pour chaque minute oÃ¹ vous Ãªtes en colÃ¨re, vous perdez 60 secondes de bonheur. Ce TChat n'est pas un dÃ©fouloir. Merci :)",negative
4860,oui Ã§Ã  a servi Ã  quoi kAyzO,negative
4869,"Tramontane, bah Ã©coute jette ton pc et ton tel x: puis on te vera plus xD ",negative
4874,et mon tel franchement c'est bien cher pour ce que c'est,negative
4876,"Tramontane, aprÃ¨s tu n'es pas toute jeune non plus et Ã  fond sur les innovations qui ce font attention c'est pas une critique hein ",negative
4883,c'est surtout que je ne l'ai pas greffÃ© le tel,negative
4886,ba moi pas,negative
4887,!clope,negative
4888,Il semblerait que nanasse s'offre une bonne pause clope bien meritÃ©e (c'est pas bien de fumer),negative
4891,elle fait trop x: sa forte tÃªte x: ,negative
4892,non d'une Tramontane,negative
4893,!tapavu vilaine,negative
4894,Oliverr > je ne me souviens pas avoir vu vilaine.,negative
4896,oui je croise plus de gens avec le nez sur leur tel que pour regarder un coucher de soleil,negative
4899,"Tramontane, voilÃ  x: mÃªme au taff les plus jeunes lache pas leurs tel pendant le boulot certain en kit main libre Ã  discuter et taffer en mÃªme temps c'est n'imp ",negative
4902,qu'est ce que c'est mort,negative
4905,Manuel diablotin,negative
4907,c'est sur que si tu as un mouchard sur ton ordi tu as interet Ã  avoir du rendement,negative
4911,donc ne fait pas de gÃ©nÃ©ralitÃ© de ton cas,negative
4912,"Tramontane, mÃªme pas ^^ c'est une usine et c'est physique avec une cadence Ã  suivre du coup c'est relou ",negative
4913,"Tramontane, j'en fais pas une gÃ©nÃ©ralitÃ© je parles pas de ceux derriere un bureau ",negative
4917,ba si ils ne bossent pas ce sera dÃ©localisation de ton entreprise,negative
4918,Ã§a risque pas ,negative
4919,et ce sera pas la peine de vous mettre en grÃ¨ve,negative
4920,on est pas prÃ¨s de coulÃ© ,negative
4921,le boulot est fait dans tous les cas (: ,negative
4924,"Chaat.fr - nÂ°348261  Une lessive, une ! Aujourd'hui j'ai achetÃ© un kit anti-moustique : une poudre les attirant, Ã  verser dans un tube recouvert de colle. Mon mari a renversÃ© la poudre sur nos draps en voulant monter le kit. VDM ",negative
4925,sinon je cris,negative
4929,Range ton TEL BOSSE BORDEL ,negative
4931,sinon : TRAVAIL TRAVAIL esclave,negative
4933,ba une chose est sure tu ne me donnes pas envie de postuler,negative
4940," â„¹ï¸ [ INFO Chaat.fr ] â„¹ï¸ : Ce TChat Ã©tant Francophone, nous vous invitons Ã  Ã©crire de faÃ§on Ã  ce que vous soyez compris par TOUS. Le language SMS n'est pas tolÃ©rÃ©... ba uÃ© c kom sa dsl. Tout abus aprÃ¨s ce message sera puni sans prÃ©avis ! (à¸‡'Ì€-'Ì)à¸‡(/â›oâ›)/",negative
4956,taff a fond ca ce passe trankil moin present en ce moment kAyzO ca gere,negative
4973,ca fait 4 jours ke je me prend des orages sur la tronche en camion pas a par ca la vie est belle,negative
4974,"et arrÃªtez de dire bonjour en pv, il y a le salon pour ca",negative
4985,j'y vais jamais c'est un bor:del Ã  ciel ouvert,negative
4992,"Tramontane, Argeles non c'est pas un bordel Ã  ciel ouvert :p ",negative
4996,drogue sexe alcool,negative
5001,et pas trainer solo sur la plage la night hein les filles ,negative
5002,la vue idyllique du sud... :/,negative
5007,les filles trainent si elles veulent! c'est aux idiots de pas les ennuyer,negative
5012,"Sucre (Chaat@9F09D8A6.41A64F17.A1DC336E.IP) a Ã©tÃ© vu pour la derniÃ¨re fois quitter #Accueil il y a 10 heures, 34 minutes (Bon retour sur www.chaat.fr).",negative
5014,malheureusement des idiots il y'en a depuis la nuit des temps..,negative
5016,Ã§Ã  se drogue mais discretement,negative
5017,st cyp c'est tombÃ© de classe,negative
5018,"Tramontane, perso je touche pas Ã§a ",negative
5020,avant c'Ã©tait chicos ba maintenant ....,negative
5022,"avec y avait un ptit cote chic, bah maintenant...",negative
5023,je suis contre kAyzO,negative
5025,"Tramontane, Ã§a se comprend (: ",negative
5029,il est plus facile de gouverner des gens dÃ©pendants que des gens rÃ©veillÃ©s,negative
5032,nass (Chaat@EFB92DDF.E7F8E7B6.90D730FB.IP) a Ã©tÃ© vu pour la derniÃ¨re fois quitter #Accueil il y a 58 minutes (Bon retour sur www.chaat.fr).,negative
5059,Vanille: bof,negative
5081,"Chaat.fr - nÂ°229788  Aujourd'hui, mon voisin est venu me demander pourquoi ma connexion ne marchait plus. VDM ",negative
5082,Vanillee: vous etes compliquÃ©es,negative
5087,C les hommes qui sont conpliquee,negative
5089,dommage on ne peut pas profiter de ta beautÃ© ours,negative
5090,Tramontane:  bah vu que j'suis pas beau vous profiteriez pas de grand chose :'),negative
5102,Au zoo ....pauvres bÃªtes,negative
5104,Les pauvres,negative
5106,Les zoo vont plus exister,negative
5110,Enfermee dans une cage,negative
5115,Ya pas ma cousine,negative
5118,plus le droit d'enfermer ce genre de bÃªte,negative
5123,pfffff,negative
5131,Comment tu peu enfermer des bÃªtes je conprend  pas,negative
5133,Non !,negative
5138,Rooo non,negative
5140,Il fait trop Cho j'ai moi Ã§a soule,negative
5157,je ne sais pas kAyzO ca mfait les premiers jours gris j'ai pas de repÃ¨res sans le soleil,negative
5159,depuis ce matin a cahque fois que je regarde par la fenÃªtre je me dis il est 7H,negative
5163,Elisa (Chaat@7F41E601.4542ED0E.BE3EA212.IP) a Ã©tÃ© vu pour la derniÃ¨re fois quitter #Ados il y a 2 heures (Bon retour sur www.chaat.fr).,negative
5165,"enfin tant qu'il arrete de faire des orages, je m'en moque du ciel gris",negative
5168,H-Lamberty:  ici aussi le tps est gris,negative
5169,"Barbie:  ah bin avec ce pseudo, tu vas attirer les boulets qui voudront jouer avec toi lol",negative
5171,Ah mince nanasse,negative
5186,Ah non je ressemble  pas Ã  barbie lol hophop,negative
5198,sinon tu finis dans la nasse,negative
5206,"Nath31 (Chaat@B79CCD09.5E566A91.EC6C2695.IP) a Ã©tÃ© vu pour la derniÃ¨re fois quitter #Entre-filles il y a 10 heures, 26 minutes (Bon retour sur www.chaat.fr).",negative
5219,"donc Barbie avant d'etre une poupÃ©e Ã©tait un des nazis les plus celebre, pas pour rien que barbie Ã©tait blonde ;)",negative
5221,Okk je savais pas,negative
5224,Barbie tue Rick,negative
5230,hophop: tu as du retard,negative
5233,pffff,negative
5235,j'ai pas mis ma jupe rose,negative
5236,ah merde je l'avais pas vu crepuscule pardon :D,negative
5249,Y'a que le pastis qui est Ã  l'eau chez moi,negative
5251,"Chaat.fr - nÂ°21624  Aujourd'hui, aprÃ¨s avoir fait un don du sang, on m'a dit de ne pas faire de sport dans les prochaines 24 h. Je ne savais pas que la masturbation Ã©tait si physique. J'ai eu un malaise en pleine action. VDM ",negative
5257,Ouais la mÃ©tÃ©o aussi :(,negative
5263,Ya pas de soleil,negative
5272,"moi pareil, pas de soleil, et temps frais",negative
5275,pour bosser qu'il fasse moche dehors,negative
5279,Malheureusement je ss tres tres loin damien,negative
5289,je vais bientot reprendre un efferalgan,negative
5293,et ben pense Ã  ton foie H-Lamberty,negative
5299,c'est quoi Ã§Ã  encore,negative
5301,moi pas,negative
5302,Cc vilainechiante,negative
5304,Savourer ou picolÃ© comme un troue Mister?,negative
5305,j'ai horreur des alcooliques,negative
5306,bonjour VilaineChiante,negative
5321,"Crepuscule, t'es nul lÃ  (: ",negative
5322,Ah tiens encore une escorte,negative
5326,pardon Cindys-o-u-m-i-s-e tu es enchainÃ©e?,negative
5329,kAyzO: pq donc? on peut pas parler de fringues?,negative
5333,pensÃ©e unique,negative
5334,"Crepuscule, ^^ joue sur la subtilitÃ© (: ta raison ^^ mais tu devais pas retournÃ© Ã  tes occupations?",negative
5340,kAyzO: quelle subtilitÃ©? pour moi etre voilÃ©= etre soumis,negative
5341,ou est le soucis?,negative
5342,Cindy c est quoi tes tarifs horaire en soumission,negative
5344,alors lÃ  j'y connais rien H-Lamberty,negative
5346,si quelqun porte un collier et une lesse c'est etre soumis aussi,negative
5347,"Crepuscule, t'es bien mal renseigner ;) mon ptit comme si c'Ã©tait mis de force mais sÃ©rieux arrÃªter vos prÃ©juger en CARTON ",negative
5350,Relou,negative
5351,c'est 8 euros de l'heure pour faire le mÃ©nage vlad,negative
5352,kAyzO: non la tu parles de SM on parle de sousmission ;),negative
5354,"Crepuscule, tu parles de voile avec la soumission ",negative
5358,voila la pluie fait encore son apparition,negative
5359,grrr,negative
5363,"Crepuscule, azy laisse tombÃ© ^^ j'ai pas envie de tergiverser alors que tu m'as trÃ¨s bien compris mais la langue franÃ§aise est une langue trÃ¨s complÃ¨te avec bcp de vocabulaire pour faire mumuse ^^ ",negative
5364,si c'est plus grave le diagnostic faut orienter lapersonne vers les soins appropriÃ©s je peux pas intervenir au delÃ  du je guerris en 5 jours,negative
5366,"Crepuscule, j'ai jamais vu de mec avec un voile perso (: encore moin un mec voilÃ©e soumis ",negative
5367,ici grÃªle encore,negative
5368,et quoi kAyzO tu es fermÃ© au dÃ©bat et aux autres visions du monde? ou je dos me soumettre Ã  tes idÃ©e?,negative
5369,"Crepuscule, bon ^^ j'aime pas la tournure que Ã§a prend ton comportement actuel me plait pas point barre .|",negative
5371,je refuse de payer des mÃ©docs donc pas d'auto mÃ©dication,negative
5372,si c'est la tuberculose je peux rien faire si c'est une grippe ca va je me soigne seule Tramontane,negative
5374,"H-Lamberty: un rhume traitÃ© dure une semaine, un rhume non traitÃ© dure sept jours lol",negative
5379,Bon ben dommage on a perdu Cyndi,negative
5380,"je vois pas les soeurs en rue Ã  3h du matin, les freres oui, donc tu vas me fire que si elles sortent pas c'est parcequ'elles n'ont pas envie?",negative
5381,un rhume soignÃ© par un toubib est gratuit un rhume soignÃ© par le pharmacien Ã§Ã  enrichit les labos,negative
5386,Crepuscule:  on es pas censÃ© parler religion sur le salon laisse le tanquille,negative
5397,Chelou ici,negative
5400,ma pharmacie premier secours est Ã  ma charge,negative
5402,joue pas sur les mots .. t'en a parler au dessus,negative
5403,"Crepuscule, donc je vois pas trop ou est la raison dans tout Ã§a ;) si ce n'est une divergence de point de vue ",negative
5405,Arrete c pour les laboratoires  les pharmacie,negative
5410,Je savais plu,negative
5411,"Crepuscule, mtn si tu veux tergiverser je suis lÃ  mais sinon Ã§a sert Ã  rien ^^ on Ã  nos deux avis different c'est tout et on campera sur nos position ",negative
5413,pas comme le boujolis mdr,negative
5423,"Crepuscule, ^^ azy laisse tomber hors contexte avec la base ",negative
5426,dexeryl j'en veux pas ce n'est pas adaptÃ©,negative
5428,pourtant je vis en dessous du seuil de pauvretÃ©,negative
5432,"Chaat.fr - nÂ°32490  Aujourd'hui, je passe mon permis pour la troisiÃ¨me fois. ArrivÃ©e au bout du parcours, je suis plutÃ´t satisfaite de moi et l'inspecteur me fait comprendre que cette fois-ci, c'est la bonne. Euphorique, je sors en furie. Et bim, le cycliste dans la portiÃ¨re. Et bim, le permis pour la quatriÃ¨me fois. VDM ",negative
5434,Je c plu,negative
5435,c'est quoi ton seuil de pauvretÃ© ?,negative
5437,les alcolos ne paieront leur trousse d'urgence urgo delire,negative
5438,jamis,negative
5441,et ils vont passer Ã  la casserole,negative
5443,J'ai eu un bug les gens avec qui je parlais revenez lol,negative
5447,!baffe LadyIce,negative
5448,MrNice met une groOsse baffe Ã  LadyIce,negative
5454,mince,negative
5456,ya pas d'heure pour l'apÃ©rowww,negative
5457,!baffe MrNice,negative
5458,LadyIce met une groOsse baffe Ã  MrNice,negative
5465,Bah jtai demandÃ© si Ã§a allait Vladcarstein... jai pris un vent force 10,negative
5466,"Hector-78, hectoooooooooooooooooooor comme dans TROIE avec brad pitt quand il crit derriere les murailles ",negative
5480,Valentina: Ã§a a buguÃ© quand tu allais m'envoyer ta photo,negative
5485,Jsuis pas douceeeeeeeee Vladcarstein,negative
5486,douce comme un cactus,negative
5489,tu piques LadyIce ?,negative
5492,Alors a 10h c est heures des escortes et pseudo Fake et 11h c est les chaud lapins,negative
5493,Non jai la rÃ©plique acerbe parfois P0ussiere2lune lol,negative
5495,Bah je c plu,negative
5498,les tests de grosesseet la pillule ce n'est pas gratuit c'est sur,negative
5500,Vladcarstein: Ã  12h00 ce sera les trav Ã  13h les bi etc,negative
5504,lesmecs ya un accident 'est l fille qui paie,negative
5505,Les vaccin covid je crois c payant,negative
5507,"H-Lamberty:  faut voter marine, les tampax seront gratuits",negative
5509,elle veut pas le bebe faut quelle raque 5 euro y participera rien c'est jamais leur faute,negative
5510,Et jai mm pas droit Ã  mon bisou Vladcarstein jsuis dÃ©Ã§ue,negative
5511,et ta konerie,negative
5512,Ah c cher,negative
5515,c'est pas pris en charge ?,negative
5519,avec toute la smala Barbapapa je fais tourisme de tests lol,negative
5522,c'st plus je crois que c'est 8 euro,negative
5528,Par contre c quest nul c que lhopital tu paiye,negative
5531,"moi  je vais aller en france, me dÃ©clarer corona",negative
5534,et j'aurais 2sem dans une chambre d'hospital tout frais payer,negative
5537,c'est hyper cher une chambre,negative
5538,Lamberty c est extrÃ©miste comme exemple,negative
5540,on dirait que lesmurs de l'hopital sont toujours en cours de paiement,negative
5541,fais gris Ã  paris,negative
5542,30 euros par jour non remboursÃ© en clinique,negative
5547,vivement qui paient leur credit que le prix de la chambre baisse,negative
5553,Ah mince ou c dommage,negative
5556,les murs apparemment ca raquent,negative
5559,Le pire Ã§a doit Ãªtre les enterrements,negative
5560,Lamberty je peux te donner un autre exemple un ami a moi Ã  chopper le sida car sa compagne a Ã©tÃ© jouer sa salooe avec un autre et a jamais rien dit,negative
5561,Comment Ã§a doit coÃ»ter cher,negative
5564,Ah la vache,negative
5565,je te jure autant le jetÃ© Ã  la mer,negative
5566,c'est chelou Vladcarstein,negative
5568,Non quand mÃªme pas,negative
5574,je pense pas a un infidelitÃ© le vih Vladcarstein c'est surtout des histoires de vengeance,negative
5575,CrÃ©puscule je l ai vu sombrer de jour en jour de cette maladie,negative
5576,Vladcarstein: elle lui a pas ramenÃ© des gosses aussi?,negative
5578,pas toujours mais des fois Vladcarstein,negative
5586,nanasse > t'as pas rÃ©pondu Ã  la question de LeSauvage|Absent,negative
5591,Je veux bien que les gars soit fautif dans la majoritÃ© des cas mais dans certains les femmes sont plus responsable,negative
5595,a en avoir cen'etait pas synonyme de tromperie pour moi pourtant je suis sevÃ¨re,negative
5598,je serais un mec ici y'en pas une que je prendrais pour Ã©pouse,negative
5599,Tiens sujet pour vous une fellation c est tromper ou pas,negative
5603,si tu tchat ici et tu ne le dis pas=tromper,negative
5604,Je trouve que le mariage ca sert Ã  rien,negative
5611,Barbapapa:  on dit ke le mariage est le cimetiere de lamour,negative
5615,Le cimetiÃ¨re  de l'amour,negative
5619,et 1an apres il te vire,negative
5622,Jessica tu es un bot,negative
5623,"en te disant tu n'a pas de contrat tu te casses, zero droits",negative
5626,si tu n'es pas deux ba tu restes locataire,negative
5627,"Chaat.fr - nÂ°31458  Aujourd'hui, ma voisine d'en bas me dit : ""Vous vous levez de plus en plus tard..."" Ã‰tonnÃ©e, je lui demande comment elle sait Ã§a. Elle me lance : ""Au dÃ©but, vous vous leviez Ã  6 h 45, puis 7 h et aujourd'hui 7 h 20... J'ai pris l'habitude d'Ã©couter votre chasse d'eau !"" VDM ",negative
5628,"L'amour rend aveugle, le mariage rend la vue et le divorce vide les comptes",negative
5629,mais le mariage n'a jamais Ã©tÃ© liÃ© Ã  l'amour,negative
5631,on a tjs mariÃ© les gens sans qu'ils s'aiment,negative
5633,Meme les vaccin je trouve que Ã§a sert Ã  rien,negative
5634,De covid,negative
5635,moi je trouve que Barbapapa tu ne sert Ã  rien :),negative
5637,C mÃ©chant ca lol,negative
5638,Barbapapa: ne remets pas Ã§Ã  sur le tapis,negative
5639,Barbapapa tu viens de te mettre une cible dans le dos,negative
5640,vous avez quand meme des faÃ§ons de penser tres basiques et binaires,negative
5642,"Non , il a juste ses propres avis",negative
5644,CrÃ©puscule l Ãªtre humain est basique et binaire,negative
5655,si le mariage Ã©tait si inutil pourquoi les gays et dÃ©rives en tout genre veulent se marrier?,negative
5656,"Plus le temps passe, plus je vous et j entend de choses et plus je le dis que l Ãªtre humain est vouer a s auto-detruire avant la fin de la planÃ¨te terre",negative
5657,Le mariage n a rien d autre que des avantages administratifs et la symbolique du mariage ne veux plus rien dire,negative
5662,faut pas sortir de la cuisine de jupitaire comme disait coluche que Ã§Ã  va pas durer longtemps comme Ã§Ã ,negative
5666,Venez me parler en privÃ© je m'ennuie,negative
5671,Non pipoune,negative
5673,Je m'ennuie aussi,negative
5684,pk les filles demande de venir en privee et ne reponde pas ?,negative
5693,j'ai remarquÃ© les filles Ã¢gÃ©s sont tellement aggressive et les filles jeunes tellement douce.. Ã  croire que le destin nous forcent Ã  Ãªtre de pedobear ):,negative
5697,Juju35:  ne cherches pas tu vas avoir mal au crane mdr,negative
5700,lol ChoupetteNoPV c'est pur etre confondu avec hannibal lecter lol lui je l'aime pas,negative
5707,et puis Hannibal LEcter n'ets pas pote avec Looping et Barracuda,negative
5730,"franchement je comprend aussi que les femmes plus Ã¢gÃ©es en ont forcÃ©ment plus bavÃ©s donc forcÃ©ment un peu plus aigrie, mais bon je parle de mon expÃ©riences personnel c'est fou la mÃ©chancetÃ© que je reÃ§ois des femmes de mon Ã¢ge ou plus vieille",negative
5785,moi un violant orage chipie,negative
5798,et surtout ne saute pas partout chipie lol,negative
5799,grominet01: hier moi les orages,negative
5802,"pas moi, j'Ã©tais assis, chipie, mdr",negative
5815,"mais les cheveux longs, sous la pluie, c'ets pas l'idÃ©ale, mdr",negative
5822,sa va devenir notre quotidien malheureusement chipie,negative
5826,grominet01: tu penses ? je ne sais pas je suis pas uen grenouille de la mÃ©tÃ©o :p,negative
5827,non il y avait un para tonnerre chipie,negative
5830,ouii le changement du climat,negative
5841,le soucis est qu'il y a de plus en plus de tornarde en france chipie,negative
5845,coucou twinsen non mais allo quoi ! mdrr,negative
5848,grominet01: je ne sais pas je me suis pas renseignÃ©e sur le sujet mais c'est possible vu les changements climatiques,negative
5850,pipoune: je suis pas un canard :o,negative
5857,je viens de faire face Ã  une attaque de moustiques assassins,negative
5859,quel temps chez moi demain chipie lol,negative
5865,hannibal-smith76: rire je ne sais pas je vais demander Ã  me soleil !,negative
5874,grominet01: oui :/,negative
5880,j'ai des blessures chipie :(,negative
5881,enfin bref de toute faÃ§on ont n'y peu pas grand chose chipie,negative
5885,moqueuse chipie !,negative
5891,"tu l'as dÃ©jÃ  dis, Makeuo21, mdr",negative
5894,mÃªme sur les pieds :(,negative
5897,!massage The_Swing mais pas des pieds Ã§Ã  pu !,negative
5901,pas les miens chipie ! rire,negative
5903,"je n'ai  jamais essayÃ© Ã  la graisse de canard, hannibal-smith76",negative
5904,The_Swing: j'en sais rien !,negative
5911,Forseti > t'as pas rÃ©pondu Ã  la question de eurasienne,negative
5917,fallait pas que je m'attende Ã  de la compassion :(,negative
5924,!tapavu karine33,negative
5925,Gentleman29 > je ne me souviens pas avoir vu karine33.,negative
5926,tu prend des risque la avec les pieds de The_Swing chipie elle a des pieds de hobitt ptdrrr,negative
5930,chipie c'est toi qui pÃ©tÃ©?,negative
5931,"lol grominet01, mÃªme pas vrai !",negative
5933,je n'ai pas cette facultÃ© faustt,negative
5934,je reconnais l'odeur de ton pÃªt,negative
5937,il sent l'oeuf pourri,negative
5941,chipie faut arrÃªter les omelettes,negative
5942,ah bon je me suis laisser dire que tu avait du poil au pied mdrr The_Swing,negative
5947,je t'attends toujours,negative
5948,fake news Ã§a grominet01 ! lol,negative
5950,je t'en foutrai des saintes millions de baffes moi,negative
5956,boudiou les pseudos qui viennent d'arriver mdr,negative
5959,boudiou,negative
5960,ce sont les invasions barbares,negative
5963,"ils viennent, ils sont a vos portes",negative
5998,elle va pas bien,negative
6000,nopv,negative
6014,s'mieux quand tu dis rien toi Faustt :o,negative
6024,ya des gens en prison ici?,negative
6026,ils ont la connexion en prison?,negative
6029,Pfttt bye,negative
6035,marche pas,negative
6041,Faust abrutie ta pas honte,negative
6050,non de Ã©lanlong moi Marocaine :(,negative
6054,ennour la tienne est en train de me lecher le zboub,negative
6063,"ennour je vais tout dÃ©verser dans sa gorge et, le pistolet sur la tempe, je l'oblige a avaler ma semence jusqu'Ã  la derniere goutte",negative
6067,pipoune:  Ã§a rien donnÃ©e,negative
6071,Jai pas de sÅ“ur faust pourquoi t est mÃ©chant je ne tai jamais dis rien de mÃ©chant,negative
6103,Ya des vraiment bizarre ici,negative
6107,elle a la feu au cul la marocaine,negative
6110,il lui faut vite un mec,negative
6113,ont a compris Marocaine ils n'y en a pas point,negative
6114,elle appelle au secour,negative
6118,pas forcemment Faustt mdr,negative
6140,eurasienne|occupe > on t'a enfin trouvÃ© une occupation ?,negative
6170,the_duke > je ne me souviens pas avoir vu sweetness.,negative
6179,hannibal-smith76: Ã§Ã  se refuse pas ! je mangerai pas ce soir :p,negative
6185,ne chante pas et je ne tire pas chipie lol,negative
6189,pipoune: je ne cÃ¨de jamais au chantage!mdrr,negative
6194,la femme de coluche est morte j'ai vu Ã§Ã  hier :/,negative
6196,laissÃ© moiii Petch,negative
6198,!clope,negative
6201,p.tn tu fous quoi la,negative
6203,Chiasse et pisse au menu,negative
6205,chiasse de vacheuu,negative
6213,ah on va marier ARRETEZ_DE_ME_BANNIR avec Moderatrice_des_toilettes de beaux boulets !,negative
6216,chiasse au goÃ»t de degeulie,negative
6219,soupe Ã  la chiasse,negative
