time,type,source,message,tags
51:11.1,pubmsg,Gringo29!Chaat@4C715175.A50EE7DA.81140739.IP,['Je suis la'],[]
51:11.9,pubmsg,ShadoWhite!Chaat@Operateur.Chaat.fr,"[""\x0310\x02Brrrr ça me gratte le doooooos mais j'ai des courbatures dans les bras >.<""]",[]
51:16.2,pubmsg,Belkacem!Chaat@C61F4050.2A09E6F6.5F42CDF6.IP,['DentelleNoire:   bsr'],[]
51:19.7,pubmsg,Gringo29!Chaat@4C715175.A50EE7DA.81140739.IP,['Ton bebert'],[]
51:22.0,pubmsg,Kratos!Kratos@Kratos.Chaat.fr,['\x031[ \x033Membre VIP\x031 ] \x02 Castiel\x02 est un(e) habitué(e) du salon \x02#Accueil\x02 !'],[]
51:30.4,pubmsg,Belkacem!Chaat@C61F4050.2A09E6F6.5F42CDF6.IP,['Nina:   tu  es  ou3'],[]
51:33.3,pubmsg,Belkacem!Chaat@C61F4050.2A09E6F6.5F42CDF6.IP,['Nina:   tu  es  ou'],[]
51:33.6,pubmsg,Joiee!Chaat@E268B2EA.5745E0D4.D61E0432.IP,['Re castiel'],[]
51:35.5,pubmsg,Castiel!Chaat@50967065.8F2033F9.45885A06.IP,['Oh pinaise ! !!!!!'],[]
51:42.9,pubmsg,Louisss!Chaat@76CADBAF.8CBA1037.C1DDCE5B.IP,['Bonsoir'],[]
51:43.8,pubmsg,Belkacem!Chaat@C61F4050.2A09E6F6.5F42CDF6.IP,['v1   prv'],[]
51:45.6,pubmsg,DentelleNoire!Chaat@2FC72A8E.A60D3AB2.4118CAFD.IP,"[""C'est une fille Castiel.""]",[]
51:46.3,pubmsg,Maxence!Chaat@1EB80E23.5638517C.621C5D7D.IP,['Salut'],[]
51:46.5,pubmsg,Yelila1!Chaat@1DA02DDC.9E6127BF.F44E4C05.IP,"['Dentellenoire a peu près comme vous, je viens pour allez un peu  mieux']",[]
51:54.4,pubmsg,DentelleNoire!Chaat@2FC72A8E.A60D3AB2.4118CAFD.IP,['Quel scoop !'],[]
52:00.0,pubmsg,Belkacem!Chaat@C61F4050.2A09E6F6.5F42CDF6.IP,['v1   prv   Nina'],[]
52:01.2,pubmsg,redol!Chaat@4B29CF4F.E9BDABED.C0331B00.IP,['lol pipoune   lol'],[]
53:03.8,pubmsg,Yelila1!Chaat@1DA02DDC.9E6127BF.F44E4C05.IP,['crepuscule il fau que je reste    plus longemps pour en voir les effets'],[]
53:04.3,pubmsg,arthemiss|radiostyff-OnAir!Chaat@BA6B5DF2.99D77A64.F44E4C05.IP,['bonsoir DentelleNoire bizoux'],[]
53:04.9,pubmsg,nicouser!Chaat@F64865B0.3E0D9349.4C4C32AA.IP,['8TAPAVU OXYGENE'],[]
53:06.4,pubmsg,ShadoWhite!Chaat@Operateur.Chaat.fr,['\x0310\x02ELEonoree|la_petite_robe_noire grattte grattte grattttttte !!!'],[]
53:32.1,pubmsg,ShadoWhite!Chaat@Operateur.Chaat.fr,"[""\x0310\x02j'ai qu'une fourchette :/""]",[]
53:38.8,pubmsg,Gringo29!Chaat@4C715175.A50EE7DA.81140739.IP,['JESS!!'],[]
53:39.1,pubmsg,Massss|[FM80]-OnAir!Chaat@Operateur.Chaat.fr,['!saute'],[]
53:39.2,pubmsg,Clara!Clara@Clara.Chaat.fr,"['\x033O\x034\x02n \x036S\x035\x02a\x0313u\x037\x02\x02T\x0310\x02e\x0314, \x031\x02S\x034\x02a\x032\x02U\x0313t\x0314\x02E\x035, \x036\x02s\x037A\x033\x02u\x0310T\x0313\x02e\x031... h\x02O\x02p h\x02O\x02p h\x02O\x02p \x0312on met le feu sur\x02\x034 #Accueil \x02\x031ou quoi ? ']",[]
53:41.8,pubmsg,Crepuscule!Crepuscule@EDD7856D.CFF7CC6A.333F7752.IP,['Keila: ah bon ok lol'],[]
53:43.1,pubmsg,Mau!Mau@15D5223D.66C59ACB.3827D16C.IP,['Et un bavoir*'],[]
53:43.4,pubmsg,VampireDragon666!Chaat@9BDB8321.D52E1B02.A146E2B7.IP,['bonsoir dentellenoire ;)'],[]
53:44.6,pubmsg,arthemiss|radiostyff-OnAir!Chaat@BA6B5DF2.99D77A64.F44E4C05.IP,['!kiss VampireDragon666  bonsoir jh'],[]
53:44.7,pubmsg,Clara!Clara@Clara.Chaat.fr,['\x037arthemiss|radiostyff-OnAir \x0312fait un Ã©norme \x034K\x037iii\x036ii\x032sss Ã  \x034VampireDragon666'],[]
53:47.9,pubmsg,ShadoWhite!Chaat@Operateur.Chaat.fr,['\x0310\x02Ho !'],[]
53:49.1,pubmsg,Belkacem!Chaat@C61F4050.2A09E6F6.5F42CDF6.IP,['Nina:  !'],[]
53:55.4,pubmsg,Yelila1!Chaat@1DA02DDC.9E6127BF.F44E4C05.IP,['crepuscule non'],[]
53:55.7,pubmsg,ShadoWhite!Chaat@Operateur.Chaat.fr,['\x0310\x02Mau ! Grrrr'],[]
53:58.2,pubmsg,Kaamelott!Chaat@CA954B08.790C4F15.8E3CFD95.IP,['Lourd le bavoir'],[]
53:58.3,pubmsg,Kratos!Kratos@Kratos.Chaat.fr,['\x031[ \x033Membre VIP\x031 ] \x02 Castiel\x02 est un(e) habituÃ©(e) du salon \x02#Accueil\x02 !'],[]
56:04.8,pubmsg,Keila!Chaat@D340CDDB.3D65EBD3.9FE82BD1.IP,['Crepuscule il fait trop chaud pour Ãªtre habillÃ©e'],[]
56:11.3,pubmsg,Ceina!Chaat@F671428C.F6672D94.55D43F85.IP,['Bonsoir'],[]
56:11.3,pubmsg,Jeje!Chaat@564C0EDA.1265BACA.932CA1CD.IP,['C bien pareil DentelleNoire'],[]
56:18.0,pubmsg,DentelleNoire!Chaat@2FC72A8E.A60D3AB2.4118CAFD.IP,['Bonsoir Ceina.'],[]
